ID COMERCIO,EMPRESA,DIRECCION,TELEFONOS,PROPIETARIO,ANTIGÜEDAD,MAYORISTA,MINORISTA,SERVICIOS,TIPO,FAMILIAR?,RUC,LATITUD,LONGITUD,RUBRO
695,RUTA 3,AVENIDA GRAL BERNARDINO CABALLERO Y DR SANTOS CANILLAS ,120,HOMBRE,120,NO,NO,SÍ,MEDIANA,SÍ,0,-23.40945,.57.43743,PRENDAS - Ver. Ropas
696,EL PESCADOR,MONSEÑOR BENIGNO LASCHI CASI IRIGOYEN,971892337,HOMBRE,120,NO,SÍ,NO,MICRO,SÍ,0,-23.41997,-57.44265,DIARIOS - Agencias
697,DESPENSA 13 DE JUNIO,INTENDENTE CABRAL Y MONSEÑOR LASCHI GONZALEZ,0331 240 036,MUJER,360,NO,SÍ,NO,MICRO,SÍ,0,-23.41997,-57.44265,FARMACIAS
698,COMPRA Y VENTA DE PESCADO,WALDIMIRO KOMPONIETZ C/ ALFREDO BERNAL,0,HOMBRE,12,NO,SÍ,NO,MICRO,SÍ,0,-23.41997,-57.44247,AUTOSERVICES
699,PESCADERIA VELAZQUEZ,MONSEÑOR LASCHI CASI IRIGOYEN,0,HOMBRE,0,NO,SÍ,NO,MICRO,SÍ,0,-23.41997,-57.44265,ROPA INTERIOR - Ventas
700,CRD ,TTE. JOSÉ CEFERINO GÓMEZ Y 2 DE MAYO,976813087,MUJER,60,SÍ,NO,NO,MICRO,SÍ,0,-27.39305,-57.44276,PRENDAS - Ver. Ropas
701,VICTOR HUGO ,ANDRÉS MIANICOFF ,971414109,MUJER,240,NO,SÍ,NO,MICRO,SÍ,0,-23.39331,-57.4439,BARES Y COPETINES
702,POMBERO TATAKUA,YEGROS C/ AVDA HERMINIO MENDOZA,0983415911 - 0983620305,HOMBRE,36,NO,NO,SÍ,MICRO,NO,2456483-4,-23.402854,-57.442602,COMIDAS - Servicios de - Ver: Servicios de Comida
703,SNOOPY MODA INFANTIL,AVDA BERNARDINO CABALLERO 510,331241857,MUJER,28,NO,SÍ,NO,MICRO,NO,2522586-3,-23.409500,-57.436216,TAPICERIAS EN CUERO
704,LA MAGA,TTE. FLORENCIO GOMEZ CASI 14 DE MAYO,0,MUJER,96,NO,SÍ,NO,MICRO,SÍ,2357715-0,-23.403608,-57.443831,OPTICAS
705,DESPENSA THIAGO,AVDA. BERNARDINO CABALLERO 524,984488289,MUJER,108,NO,SÍ,NO,MICRO,NO,0,-23.409500,-57.435883,JOYERIAS
706,RYO S.A,AVDA PINEDO CASI HERMINIO MENDOZA ,0,ORGANIZACION,60,NO,SÍ,NO,MICRO,NO,80020784-0,-23.402671,-57.441454,FERRETERIAS
707,PUNTO FARMA ,AVENIDA PINEDO Y HUMAITA,0,ORGANIZACION,2,NO,SÍ,NO,MICRO,NO,80022877-4,-23.403708,-57.441445,"ARTICULOS DE ILUMINACION - Ver: Iluminacion, Artefactos"
708,MERCURIO CELL ,AVDA. PINEDO CASI TENIENTE GOMEZ ,0,HOMBRE,96,NO,SÍ,SÍ,MICRO,SÍ,3947846-7,-23.403892,-57.441458,BODEGAS
709,CASA OVELAR,14 DE MAYO ENTRE TENIENTE AGUERO Y TENIENTE GOMEZ,242753,MUJER,360,NO,SÍ,NO,MICRO,SÍ,0,-23.409199,-57.442578,LIBROS
710,HIELOS RENE ,14 DE MAYO CASI TENIENTE AGUERO,240126,HOMBRE,360,NO,SÍ,NO,MICRO,SÍ,0,-23.404009,-57.442598,AUTOMOTORES - Electricidad del Automovil
711,HOTEL IMPERIAL,TENIENTE AGUERO CASI GENERAL GARAY ,985137185,HOMBRE,72,NO,NO,SÍ,MICRO,NO,1816928-7,-23.404650,-57.444828,CELULAR - Activaciones
712,SALON DE BELLEZA FRANCIS ,14 DE MAYO CASI HERMINIO MENDOZA,240131,MUJER,360,NO,NO,SÍ,MICRO,SÍ,945423-3,-23.402974,-57.443818,ESTETICA INTEGRAL - Centros de
713,CASA EDGAR ANTONIO,TTE AGÜERO C/ YEGROS 186,0,HOMBRE,480,NO,SÍ,SÍ,MICRO,SÍ,2028325-3,-23.404570,-57.442110,REMERAS - Ventas
714,OTY AUSERVICE,TTE. AGUERO ENTRE YEGROS Y 14 DE MAYO,2428757,HOMBRE,360,NO,SÍ,NO,MICRO,SÍ,1279545-3,-23.404668,-57.442957,DESPENSAS
715,GALESA,YEGRLS 225,240018,MUJER,60,NO,SÍ,NO,MICRO,SÍ,2543865-4,-23.403779,-57.442531,AGROVETERINARIAS
716,HERRERÍA CONCEPCIÓN,TTE AGÜERO C/ YEGROS,971830422,HOMBRE,0,NO,NO,SÍ,MICRO,NO,0,-23.404599,-57.441959,FOTOCOPIADORAS - Insumos
717,AYA COURRIER,AVDA. HERMINIO MENDOZA ENTRE AVDA PINEDO Y YEGROS ,241030,MUJER,216,NO,NO,SÍ,MICRO,SÍ,3412353-9,-23.402533,-57.441550,ELECTRODOMESTICOS
718,DESPENSA FABISAN,YEGROS Y AVDA. HERMINIO MENDOZA,240046,MUJER,180,NO,SÍ,NO,MICRO,SÍ,0,-23.402727,-57.442558,NUTRICION ANIMAL
719,PELUQUERIA SILVIO,TENIENTE AGUERO CASI 14 DE MAYO,982675500,HOMBRE,120,NO,NO,SÍ,MICRO,SÍ,876307-0,-23.404798,-57.443426,INFORMATICA - Asesoria Integral
720,HOSPINORTE,IGNACIO ITURBE C/ TTE AGÜERO,331241242,HOMBRE,60,SÍ,SÍ,NO,MICRO,NO,3982572-8,-23.40332,-57.44543,BAZARES
721,LO DE LILA,GRAL GARAY 366 C/ JULIO OTAÑO,331241058,MUJER,240,NO,NO,SÍ,MICRO,SÍ,2427517-4,-23.40543,-57.44385,"CONTABILIDAD, Estudios - Ver: Estudios Contables"
722,SAN BLAS AVENIDA,AVDA PINEDO CASI OTAÑO,243308,HOMBRE,72,NO,NO,SÍ,MICRO,SÍ,2049419-0,-23.405229,-57.441372,ELECTRODOMESTICOS
723,ACACIAS,MCAL. ESTIGARRIBIA Y GRAL. GARAY,331241118,HOMBRE,48,NO,NO,SÍ,MICRO,SÍ,2544076-4,-23.408549,-57.443925,LIBRERIAS
724,MÁS VISIÓN,MCAL. ESTIGARRIBIA C/ GRAL. GARAY,331242123,MUJER,112,NO,NO,SÍ,MICRO,NO,2544076-4,-23.408549,-57.443925,FOTOGRAFIAS
725,MR,ASUNCIÓN C/ JUANA M DE ORTELLADO,971490802,HOMBRE,24,NO,NO,SÍ,MICRO,NO,0,-23.39909,-57.4474,DESPENSAS
726,EL ZURDO COMERCIAL,INSMAL GONZALEZ C/ ISMAEL IRALA FERNÁNDEZ,0,MUJER,24,NO,SÍ,NO,MICRO,SÍ,1182300-0,-23.39758,-57.45013,RAMOS GENERALES -Ver: Almacenes Ramos Generales
727,DELFI,MANUEL IRALA FERNANDEZ C/ 1° DE MARZO,0,HOMBRE,360,NO,SÍ,NO,MICRO,SÍ,975513-6,-23.3971,-57.44968,COMESTIBLES - Distribuidoras
728,STILO FASHIÓN,FERNANDO DE LA MORA C/ ISMAEL GONZALEZ,0,MUJER,0,NO,NO,SÍ,MICRO,NO,0,-23.39796,-57.44986,ODONTOLOGIA - Clinicas
729,ALDA,ASUNCIÓN Y 1°DE MARZO,981378037,MUJER,120,NO,SÍ,NO,MICRO,SÍ,2298325-2,-23.39899,-57.44896,BARES Y COPETINES
730,EL CONDOR,MANUEL IRALA FERNANDEZ C/ 1° DE MARZO,0331 242870,MUJER,360,NO,SÍ,NO,MICRO,SÍ,0,-23.39709,-57.44883,RAMOS GENERALES -Ver: Almacenes Ramos Generales
731,WALTER LEONARDO ESCOBAR FLECHA,FERNANDO DE LA MORA Y 1° DE MARZO,971543767,HOMBRE,2,NO,NO,SÍ,MICRO,NO,3681539,-23.39811,-57.44847,ABOGADOS
732,CARNICERIA Y DESPENSA,CAPITAN MANUEL IRALA Y PROFESOR MERALDA DE ORTELLADO,973533477,HOMBRE,36,NO,SÍ,NO,MICRO,SÍ,2566840-4,-23.3971,-57.4473,DESPENSAS
733,MIÑO,PROFESOR MERALDA OTERLLADO C/ FERNANDO DE LA MORA,976143629,HOMBRE,180,NO,NO,SÍ,MICRO,NO,2194376-1,-23.3976,-57.44723,DESPENSAS
734,LILIANA ,FERNANDO DE LA MORA,976907280,MUJER,0,NO,SÍ,NO,MICRO,NO,884896-4,-23.39803,-57.44757,BODEGAS
735,ARAMI CELL,MCAL. ESTIGARRIBIA C/ 14 DE MAYO,971688788,HOMBRE,96,NO,NO,SÍ,MICRO,SÍ,3499370-3,-23.408552,-57.443877,PESCADERIAS
736,SANTA ROSA,MCAL. ESTIGARRIBIA C/ 14 DE MAYO,971826169,MUJER,180,NO,SÍ,NO,MICRO,NO,2344364-2,-23.408528,-57.443814,PESCADERIAS
737,NOVA ,MCAL. ESTIGARRIBIA Y 14 DE MAYO,331240471,MUJER,72,NO,SÍ,NO,MICRO,SÍ,1275130-8,-23.408533,-57.443666,DESPENSAS
738,EXCEL,MCAL. ESTIGARRIBIA Y 14 DE MAYO,331240285,MUJER,120,NO,NO,SÍ,MICRO,SÍ,80038912-3,-23.4085599,-57.4435733,PELUQUERIAS
739,BLACK AND WHITE,TENIENTE UBALDO CABRERA Y MAYOR LORENZO M.,0,MUJER,12,NO,SÍ,NO,MICRO,SÍ,0,-23.41204,-57.43422,DESPENSAS
740,BAZAR MARINA,AVENIDA BERBARDINO CABALLERO Y SARGENTO PIRELLI,984863335,MUJER,48,NO,SÍ,NO,MICRO,NO,0,-23.40916,-57.43615,CARNICERIAS
741,RECALDE,AVENIDA BERNARDINO CABALLERO Y SARGENTO PIRELLO,0331 242 704,HOMBRE,360,NO,SÍ,NO,MICRO,SÍ,0,-23.40935,-57.43697,BODEGAS
742,SAN FRANCISCO,MAYOR LORENZOY SARGENTO PIRELLI,0331 242 931,MUJER,10,NO,NO,SÍ,MICRO,NO,3412346-6,-23.40859,-57.43672,DESPENSAS
743,CAACUPE,AVENIDA BERNARDINO CABALLERO Y DR. SANTOS CANILLA,972538119,HOMBRE,0,NO,SÍ,NO,MICRO,NO,0,-23.40935,-57.43697,MINI-MERCADOS
744,NIÑO JESUS ,MAYOR LORENZO MEDINA Y DR. SANTOS CANILLA,971708889,HOMBRE,36,SÍ,NO,NO,MICRO,SÍ,0,-23.40856,-57.43656,PESCADERIAS
745,G Y R,MAYOR LORENZO MEDINA Y DR. SANTOS CANILLS,971563945,HOMBRE,24,NO,SÍ,NO,MICRO,SÍ,4401455-4,-23.40871,-57.43911,PESCADERIAS
746,AGRO VETERINARIA,MAYOR LORENZO MEDINA Y DR. SANTOS CANILLA,0331 241969,MUJER,84,NO,SÍ,NO,MICRO,SÍ,2904940-9,-23.40792,-57.43975,DESPENSAS
747,LOPEZ COMERCIAL,MAYOR LORENZO MEDINA Y DR. SANTOS CANILLA ,0331 242 912,HOMBRE,312,NO,SÍ,NO,MICRO,SÍ,698665-0,-23.40779,-57.441,TRANSPORTADORAS
748,SOFIA,MAYOR LORENZO MEDINA Y PROFESOR GUILLERMO CABRAL,971570299,HOMBRE,60,NO,NO,SÍ,MICRO,NO,0,-23.40862,-57.43808,PESCADERIAS
749,SONIA ROJAS,MAYOR LORENZO MEDINA Y PROFESOR GUILLERMO CABRAL,971925643,ORGANIZACION,96,NO,SÍ,NO,MICRO,SÍ,3626191,-23.40862,-57.43808,DESPENSAS
750,BONITA NOVEDADES,AVENIDA BERNARDINO CABALLERO N° 303,973679334,MUJER,2,NO,SÍ,NO,MICRO,SÍ,1868454-8,-23.40932,-57.43902,PESCADERIAS
751,SAN NICOLAS,AVENIDA BERNARDINO CABALLERO Y PROFESOR GUILLERMO CABRAL,0331 240 944,HOMBRE,300,SÍ,NO,NO,MICRO,SÍ,1275164-2,-23.40936,-57.43877,PESCADERIAS
752,SAN FRANCISCO ,AVENIDA BERNARDINO CABALLERO Y PROFESOR GUILLERMO CABRAL,982661445,HOMBRE,480,SÍ,NO,NO,MICRO,SÍ,2573303-6,-23.4093,-57.43882,BARES Y COPETINES
753,SAN RAFAEL,AVENIDA BERNARDINO CABALLERO Y PROFESOR CABRAL,0,HOMBRE,240,NO,SÍ,NO,MICRO,NO,0,-23.40952,-57.43883,PRENDAS - Ver. Ropas
754,CAMPESINITO,AVENIDA BERNARDINO CABALLERO Y PROFESOR CABRAL,985863439,HOMBRE,12,NO,SÍ,NO,MICRO,SÍ,0,-23.40936,-57.43792,PIZZERIAS
755,PELUQUERIA GABY CARILLO,DOCTOR MARCIAL ROY C/ TENIENTE UBALDO,975398899,MUJER,48,NO,NO,SÍ,MICRO,NO,0,-23.40988,-57.43553,ROPAS INFANTILES
756,MISTICA,GUMERCINDO SOSA ESQ. 2 DE MAYO,982390754,MUJER,8,NO,NO,SÍ,MICRO,NO,0,-23.39459,-57.44281,DESPENSAS
757,RITA,PROFESOR ANDRES MIASNICOFF,971843283,MUJER,84,NO,NO,SÍ,MICRO,NO,3396456-4,-23.3943,-57.44394,DESPENSAS
758,TYS,JORGE SEBASTIAN MIRANDA CASI GUMERCINDO SOSA,0,MUJER,48,NO,SÍ,NO,MICRO,SÍ,0,-23.39436,-57.44607,AUTOMOTORES - Compra-Ventas
759,DESPENSA 8 DE DICIEMBRE,AQUIDABAN,971347454,HOMBRE,36,NO,SÍ,NO,MICRO,SÍ,0,0,0,FARMACIAS
760,ESTACIÓN DE SERVICIOS SAN GREGORIO VARGAS MEDINA S.A,AVDA. GUALBERTO CARDUS Y JULIA CUETO ESTIGARRIBIA,331242041,ORGANIZACION,180,NO,NO,SÍ,MICRO,NO,80032702-0,-23.392881,-57.428984,TELEFONIA - Servicios
761,RYN,SAN LUIS,975831259,MUJER,12,NO,SÍ,NO,MICRO,SÍ,0,-23.393086,-57.429281,DESPENSAS
762,ROCÍO,AQUIDABAN C/EMILIO SOSA GAONA,0,MUJER,120,NO,SÍ,NO,MICRO,SÍ,0,-23.394858,-57.429657,ABOGADOS
763,PLAZA CASTILLO,AQUIDABAN C/ MUSICOS DEL CHACO,983192047,HOMBRE,12,NO,SÍ,NO,MICRO,SÍ,4050927-3,-23.393578,-57.426353,ESTUDIOS JURIDICOS
764,ELENITA,MUSICOS DEL CHACO C/ TTE GONZALEZ,331241480,MUJER,12,NO,SÍ,NO,MICRO,SÍ,0,-23.396503,-57.429957,HOTELES
765,COPETÍN SAN LUIS,SAN LUIS,973824674,MUJER,60,NO,SÍ,NO,MICRO,SÍ,0,-23.395843,-57.429657,IMPRENTAS
766,JOELITO,JUANA F. DE ALONSO ,0,MUJER,120,NO,SÍ,NO,MICRO,SÍ,0,-23.39476,-57.44517,PELUQUERIAS
767,SAN LUIS,INTENDENTE RODOLFO C/JOSÉ DOLORES,971895533,HOMBRE,36,NO,SÍ,NO,MICRO,,0,-23.397192,-57.432382,FERRETERIAS
768,AUTOSERVICE SYM,MANUEL IRALA C/ JULIA MIRANDA ,981689797,MUJER,112,NO,SÍ,NO,MICRO,SÍ,3225572-1,-23.396050,-57.430086,DESPENSAS
769,TIO LEPU,INTENDENTE RODOLFO GONZALEZ / JULIA CUETO DE ESTIGARRIBIA,971811187,HOMBRE,2,NO,SÍ,NO,MICRO,SÍ,498541-9,-23.395715,-57.429399,LIBRERIAS
770,LULUKA COMERCIAL,INTENDENTE RODOLFO C/ JULIA MIRANDA CUETO,971598511,HOMBRE,60,NO,SÍ,NO,MICRO,SÍ,2251882-7,-23.396010,-57.429271,HERRERIAS DE OBRA
771,GOMERIA DOS HERMANOS,ALBERTO COLOMBINO Y HERNAN ALBERTINI,973198916,HOMBRE,1,NO,NO,SÍ,MICRO,SÍ,0,-23.41461,-57.43814,HERRERIAS ARTISTICAS
772,TRES HERMANOS ,OBRERO ENTRE JUANA DE ALONSO ,984535042,MUJER,144,NO,SÍ,NO,MICRO,SÍ,3990171-8,-23.408437,-57.439120,ESTUDIOS JURIDICOS
773,COMERCIAL SIN RIVAL,SAN LUIS,975427027,MUJER,4,NO,SÍ,NO,MICRO,SÍ,0,-23.396069,-57.429700,CORREO PRIVADO
774,COPETÍN ARAMÍ,MADRINAS DE GUERRA C/QUEIROZ CANDIA,0,MUJER,60,NO,SÍ,NO,MICRO,SÍ,0,-23.397960,-57.429743,FINANCIERAS
775,MILAGRO,MADRINAS DE GUERRA,972886930,MUJER,84,NO,SÍ,NO,MICRO,SÍ,0,-23.396975,-57.429829,PELUQUERIAS
776,SANTA ROSA,MADRINAS DE GUERRA,971791592,MUJER,36,NO,SÍ,NO,MICRO,SÍ,0,-23.397802,-57.429571,ESTACIONES DE SERVICIOS - Productos para
777,FRANKAN,VILLA ARMANDO,971580081,HOMBRE,60,NO,SÍ,NO,MICRO,SÍ,0,-23.397133,-57.429829,DISPENSADORES DE PAPEL HIGIENICO
778,EL BUEN GUSTO,MADRINAS DE GUERRA C/ JOSE ALVARENGA,0,MUJER,6,NO,SÍ,NO,MICRO,SÍ,0,-23.396936,-57.429914,DISPENSADORES DE TOALLAS DE PAPEL
779,CARNICERIA EL TORITO,PROF. CABRAL C/ BERNARDINO CABALLERO,971801180,HOMBRE,216,NO,SÍ,NO,MICRO,1,1732633-8,-23.409428,-57.438928,PAPELERIAS
780,NYA,MADRINAS DE GUERRA C/JULIA MIRANDA CUETO,982612390,MUJER,4,NO,SÍ,NO,MICRO,SÍ,0,-23.397960,-57.429399,GASTRONOMIA - Servicios
781,LA VICTORIA,PADRE QUEIROZ CANDIA C/ MADRINAS DE GUERRA,972236412,MUJER,60,SÍ,SÍ,NO,PEQUEÑA,SÍ,1843654-4,-23.396562,-57.428863,BOCADITOS - Servicios de - Ver: Servicios de Lunch
782,RAUL SERVICE,MCAL. ESTIGARRIBIA Y 14 DE MAYO,331243030,HOMBRE,48,NO,NO,SÍ,MICRO,SÍ,3196410,-23.408510,-57.443304,GASTRONOMIA - Servicios
783,JMR,QUEIROZ CANDIA,,MUJER,72,NO,NO,SÍ,MICRO,SÍ,4125227,-23.396798,-57.429035,SUPERMERCADOS
784,CEC,MCAL. ESTIGARRIBIA Y 14 DE MAYO,331242646,MUJER,312,NO,NO,SÍ,PEQUEÑA,SÍ,395307-6,-23.408535,-57.442950,"TELEVISORES - Servicios Tecnicos - Ver: Electronica, Reparaciones"
785,DE LA MECHE ,JUANA F. DE ALONSO C/ OBRERO,975585242,MUJER,24,NO,NO,SÍ,MICRO,SÍ,0,-23.39646,-57.44508,TELEFONIA CELULAR - Empresas Proveedores de Servicios
786,QUEVEDO,MCAL. ESTIGARRIBIA Y 14 DE MAYO,669531-0,HOMBRE,180,NO,NO,SÍ,MICRO,NO,669531-0,-23.408505,-57.442896,HELADERIAS
787,DOS HIJOS ,AVENIDA PINEDO ESQ. OBRERO,976863321,MUJER,84,NO,SÍ,NO,MICRO,SÍ,0,-23.39576,-57.4416,CLINICA MEDICA - Medicos
788,EL BIGOTE,PTE. FRANCO Y GRAL. GARAY,331240580,MUJER,276,NO,NO,SÍ,MICRO,SÍ,278857-6,-23.407845,-57.444811,FLORERIAS
789,TALLER ,AVENIDA AGUSTIN FERNANDO DE PINEDO,973412404,HOMBRE,12,NO,NO,SÍ,MICRO,NO,0,-23.39594,-57.44159,OBRAS CIVILES - Ver: Construcciones Civiles
790,FRANCO MOTO REPUESTOS,MADRINAS DE GUERRA Y QUEIROZ CANDIA,331240081,HOMBRE,48,NO,SÍ,NO,MICRO,SÍ,5647530-6,-23.396699,-57.428906,LAVADEROS DE AUTOVEHICULOS
791,PEPES,AVENIDA PINEDO,0,MUJER,24,NO,NO,SÍ,MICRO,SÍ,3981001-1,-23.407181,-57.441480,MOTOCICLETAS - Repuestos y Accesorios
792,PEPES,PTE. FRANCO E/ YEGROS,0,MUJER,24,NO,NO,SÍ,PEQUEÑA,SÍ,3981001-1,-23.407796,-57.441759,BODEGAS
793,ELECTRO CELL ,AVENIDA AGUSTIN FERNANDO DE PINEDO ESQ.OBRERO,984932357,HOMBRE,84,NO,SÍ,NO,MICRO,NO,4385825-2,-23.39576,-57.4416,PANADERIAS
794,DOÑA DALIA,QUEIROZ CANDIA,971820677,MUJER,12,NO,NO,SÍ,MICRO,SÍ,3918885,-23.397015,-57.428949,PELUQUERIAS
795,AUTOCERVICE ÑA ÑECA ,DR. GUALBERTO CARDUZ C ARMANDO BERAUD,972250945,HOMBRE,84,SÍ,NO,NO,MICRO,SÍ,4257972-4,0,0,DESPENSAS
796,MOTORMARKET S.A.,AV. HERIBERTO COLOMBINO E/ JUAN BAUTISTA Y CLAUDIO ACOSTA ,971800365,HOMBRE,36,NO,SÍ,NO,MICRO,NO,1509999-7,-23.41456,-57.43712,ENMARCADOS - Taller de
797,CARNES CHACO,QUEIROS CANDIA,973719369,HOMBRE,6,NO,SÍ,NO,MICRO,NO,3481298-9,-23.398945,-57.428906,CARNICERIAS
798,SHIMURA MOTO REPUESTOS,QUEIROZ CANDIA / TTE ROJAS SILVA,331242052,HOMBRE,24,NO,SÍ,NO,MICRO,NO,4649740-4,-23.398571,-57.428949,ELECTRONICA - Instalaciones
799,AUTOSERVICE ANDREA,QUEIROS CANDIA / TTE ROJAS SILVA,971561639,HOMBRE,12,NO,SÍ,NO,MICRO,SÍ,1445489-0,-23.398394,-57.429292,RADIO MENSAJES - Servicios
800,CS REPUESTO ,DR. GUALBERTO CARDUZ,976509409,HOMBRE,24,SÍ,NO,NO,MICRO,SÍ,4597813-1,0,0,DESPENSAS
801,DESPENSA ANITA ,GENERAL GARAY,0,MUJER,180,NO,SÍ,NO,MICRO,SÍ,0,0,0,CELULAR - Reparaciones
802,LUZ LIBRERIA,PTE FRANCO,982759254,MUJER,7,NO,SÍ,NO,PEQUEÑA,1,1867972-2,0,0,FARMACIAS
803,DESPENSA LILIANA ,JOSE ROMACHAT C/ GULBERTO CARDUZ ,982279320,MUJER,240,NO,SÍ,NO,MICRO,SÍ,0,0,0,CELULAR - Aparatos
804,KARANDA-Y,PTE FRANCO,0,HOMBRE,36,NO,NO,NO,MICRO,1,NULL,-23.40762,-57.44712,IMPRENTAS
805,PUNTO DIEZ,GENERAL GARAY - SÉPTIMA PROYECTADA,0,MUJER,96,NO,SÍ,NO,MICRO,SÍ,2869766-9,0,0,BOUTIQUES
806,TRES HERMANOS,MONSEÑOR LOCHI,983709885,MUJER,156,NO,SÍ,NO,MICRO,SÍ,0,0,0,PRENDAS - Ver. Ropas
807,MABEL,MONSEÑOR LOCHI Y GRAL. GARAY,0,HOMBRE,300,NO,SÍ,NO,MICRO,SÍ,3857666-0,0,0,DESPENSAS
808,ALQUILER DE GLOBO LOCO,OBRERO CASI 2 DE MAYO,971697692,HOMBRE,12,NO,NO,SÍ,MICRO,SÍ,0,-23.39579,-57.44326,CLINICAS VETERINARIAS - Ver: Veterinarias
809,NUÑEZ,MADRE CONCEPCIONERA C/ BENIGNA VILLA,,MUJER,24,NO,NO,SÍ,,,0,0,0,FRUTERIAS
810,ÑA ANA ,MONSEÑOR LOCHI GONZALEZ,0,MUJER,300,NO,SÍ,NO,,SÍ,0,0,0,ALMACENAJES - Depositos
811,ÑA MAURA,DIONISIO GIMENEZ SILVA C/ AVI. ELIGIO AYALA,241027,MUJER,120,NO,SÍ,NO,,SÍ,1278471-0,0,0,AGROVETERINARIAS
812,RAMIREZ,TTE RODRIGUEZ Y MADRINAS DE GUERRA,986260285,HOMBRE,36,NO,NO,SÍ,MICRO,SÍ,0,-23.396699,-57.433476,ELECTRODOMESTICOS
813,SAN DIEGO ,JUANA DE ALONSO Y PROFESOR ANDRES,241836,HOMBRE,180,NO,SÍ,NO,MICRO,SÍ,0,-23.39489,-57.44493,ELECTRODOMESTICOS
814,MUNDO GYM,TENIENTE C/MADRINAS DE GUERRA,971833726,MUJER,36,NO,NO,SÍ,MICRO,SÍ,0,-23.396542,-57.433519,ALMACENAJES - Depositos
815,FYM ,ANDRES MIASNIKOFF,240196,HOMBRE,24,NO,NO,SÍ,MICRO,NO,0,-23.39499,-57.44374,ALMACENAJES - Depositos
816,CAR ACCESORIOS,AV. ELIGIO AYALA C/ BENIGNO VILLA,331240923,MUJER,96,NO,SÍ,NO,,SÍ,1542245-3,0,0,ACEITES LUBRICANTES
817,YEMAR,MEDICOS DEL CHACO,982988584,MUJER,84,NO,NO,SÍ,MICRO,SÍ,0,-23.397231,-57.434635,MALLAS PARA FRACCIONAMIENTOS DE FRUTASY VERDURAS
818,KINO,OBRERO Y ANDRES MIASNICOFF,975245485,HOMBRE,3,NO,SÍ,NO,MICRO,NO,0,-23.39593,-57.44428,PELUQUERIAS
819,GILDA,OBRERO CASI JUANA DE ALONZO,971283423,MUJER,60,NO,SÍ,NO,MICRO,SÍ,0,-23.39593,-57.44428,DESPENSAS
820,NERY AUTO MOTOR,AVDA. GUALBERTO CARDUZ,971802695,HOMBRE,72,SÍ,SÍ,NO,MICRO,NO,0,-23.396325,-57.436674,DESPENSAS
821,TALLER B NORTE,DR GUALBERTO CARDÚZ,0,HOMBRE,0,NO,NO,NO,,,,0,0,ESTACIONES DE SERVICIOS
822,BRAULIO ACOSTA,AVDA. GUALBERTO CARDUS HUERTA,971551846,HOMBRE,60,NO,SÍ,NO,MICRO,SÍ,0,-23.395675,-57.434893,DESPENSAS
823,COPETIN ELI,MANUEL IRALA ENTRE MIASNICOFF,0,MUJER,24,NO,SÍ,NO,MICRO,SÍ,0,-23.39665,-57.44443,DESPENSAS
824,A TU PERFIL,13 TUYUTI,971828272,MUJER,108,SÍ,NO,NO,MICRO,SÍ,3522991-8,-23.400284,-57.440965,DESPENSAS
825,METALURGICA DIAZ,JULIA MIRANDA CUETO,984402578,HOMBRE,11,NO,NO,SÍ,MICRO,SÍ,0,0,0,MINI-MERCADOS
826,COPETIN M8R,ENFERMERA DEL CHACO C/ GUALBERTI CARDUZ,986173108,HOMBRE,2,NO,NO,SÍ,MICRO,SÍ,,0,0,DESPENSAS
827,DESPENSA SAN RAMÓN,ENFERMERAS DEL CHACO - BARRIO VILLA OLIVA,971715137,HOMBRE,36,NO,SÍ,NO,MICRO,SÍ,,0,0,BARES Y COPETINES
828,ELECTROMECANICA ALCORTA,DETRAS DEL NEGOCIO DE COCA COLA,331241335,,0,NO,NO,NO,,,,0,0,DESPENSAS
829,SUPER SONIC,0,0331 242721,MUJER,420,NO,SÍ,NO,MICRO,SÍ,361833-1,-23.40498,-57.44505,DESPENSAS
830,ZONA DIGITAL,AVENIDA HERMINIO MENDOZA C/ CERRO CORA,0331 240 037,HOMBRE,60,NO,SÍ,SÍ,MICRO,NO,2049653-2,-23.402203,-57.445704,LAVADEROS DE AUTOVEHICULOS
831,A Y B NOVEDADES ,ASUNCIÓN C/ MIANICOFF,0331 240145,MUJER,4,NO,SÍ,NO,MICRO,SÍ,3653136-7,-23.39758,-57.44818,GOMERIAS
832,COPETIN JAVIERCITO,AVENIDA PINEDO C/ HERMINIO MENDOZA,981474015,MUJER,14,NO,SÍ,NO,MICRO,SÍ,0,-23.40183,-57.44156,AUTOSERVICES
833,PELUQUERIA MATISSE,AVENIDA HERMINIO MENDOZA C/ MIRANDA,986389332,MUJER,6,NO,NO,SÍ,MICRO,NO,0,-23.40117,-57.44654,ARTICULOS DE CAZA Y PESCA - Representantes
834,ALEXIS FOTOGRAFIA,JUANA DE ALONSO C/ HERMINIO,972627701,HOMBRE,0,NO,NO,NO,,,,-23.40559,-57.44449,FERRETERIAS
835,NOVEDADES VICTORIA,MONSEÑOR MARIAEVICH C/ 2 DE MAYO,0331 241172,MUJER,168,NO,SÍ,NO,MICRO,SÍ,1037891-0,-23.40116,-57.44256,GOMERIAS
836,EL VAQUERO ,MONSEÑOR BOGARIN E/ 2 DE MAYO,0331 240041,MUJER,360,NO,SÍ,NO,MICRO,SÍ,3689833-3,-23.39551,-57.44065,DESPENSAS
837,POLLERIA TIA ROSI ,AVENIDA PINEDO E/ MONSEÑOR BOGARIN,973255375,MUJER,36,NO,SÍ,NO,MICRO,SÍ,0,-23.40024,-57.44141,ROPERIAS
838,FABI FER ,ASUNCIÓN C/ MIANICOFF,0331 243596,MUJER,0,NO,SÍ,NO,MICRO,NO,0,-23.40117,-57.44654,BARES Y COPETINES
839,DESPENSA DANIEL,BOGARIN C/ MIANICOFD,0331 240012,HOMBRE,108,NO,SÍ,NO,MICRO,SÍ,0,-23.40117,-57.44654,RAMOS GENERALES -Ver: Almacenes Ramos Generales
840,PELUQUERIA ZULLY,BOGARIN C/MIANICOFF,0331 240012,MUJER,276,NO,NO,SÍ,MICRO,SÍ,0,-23.40117,-57.44654,DESPENSAS
841,ALMACEN ODI ,ANIBAL MARICEBICH E/ MIANICOFF,972429417,MUJER,60,NO,SÍ,NO,MICRO,SÍ,0,-23.4033,-57.49639,DESPENSAS
842,HOSPEDAJE Y DESPENSA RIVAS ,ASUNCIÓN C/ MIANICOFF,0973108780 - 0331 242684,,0,NO,NO,NO,,,,-23.39758,-57.44818,BARES Y COPETINES
843,COPETIN ANSELMO,ASUNCIÓN C/ MIANICOFF,,,0,NO,NO,NO,,,,-23.39758,-57.44818,CARNICERIAS
844,BODEGA LA FUENTE ,AVENIDA PINEDO C/ HERMINIO MENDOZA,,,0,NO,NO,NO,,,,-23.402962,-57.442832,FERRETERIAS
845,DESPENSA M,ASUNCIÓN C/ JORGE S. MIRANDA,0,MUJER,24,NO,SÍ,NO,MICRO,NO,0,-23.39765,-57.44824,BOUTIQUES
846,TALLER SANTIAGO BENÍTEZ S.B.R,ASUNCIÓN / FRANCISCO BERNAL ,971807495,HOMBRE,480,NO,SÍ,NO,MICRO,SÍ,0,-23.40965,-57.43774,PRENDAS - Ver. Ropas
847,BODEGA SAN JOSE,BOGARIN C/ JUANA DE ALONSO,,,0,NO,NO,NO,,,,-23.40117,-57.44654,SEGUROS - Agentes de
848,HIELO DON RAMÓN ,JORGE SEBASTIÁN MIRANDA C/ AV. HERMINIO MENDEZA,331243031,HOMBRE,240,NO,SÍ,NO,MICRO,SÍ,1330227-2,0,0,PRENDAS - Ver. Ropas
849,TAPICERIA,2 DE MAYO C/ HERMINIO MENDOZA,976117662,HOMBRE,36,NO,SÍ,NO,MICRO,SÍ,0,-23.40198,-57.44269,INSTITUTOS DE ENSENANZA
850,BODEGA MARÍA PAZ,ASUNCIÓN C/ JORGE SEBASTIÁN MIRANDA,976102976,MUJER,48,NO,SÍ,NO,MICRO,SÍ,,0,0,RECEPCIONES - Servicios para
851,POLLERIA ÑA LINA,AVENIDA PINEDO C/ HERMINIO MENDOZA,,,0,NO,NO,NO,,,,-23.402883,-57.441716,PELUQUERIAS
852,DESPENSA EL BETO,JUANA MARÍA DE ORTELLADO,331240700,MUJER,516,NO,SÍ,NO,MICRO,SÍ,1275146-4,0,0,ELECTRODOMESTICOS
853,ALMACÉN LUISITO,JUANA MARÍA DE ORTELLADO C/ MONSEÑOR BOGARIN,331240918,MUJER,240,NO,SÍ,NO,MICRO,SÍ,0,0,0,DESPENSAS
854,COPETIN MAXI,MONSEÑOR ANIBAL MARISEVICH C/ AVENIDA PINEDO,983815635,MUJER,132,NO,SÍ,NO,MICRO,SÍ,0,-23.40113,-54.44213,RESTAURANTES
855,DESPENSA CASA LINA,MONSEÑOR BOGARIN C/ FRANCISCO BERNAL ,331242807,MUJER,225,NO,SÍ,NO,MICRO,SÍ,0,-23.408437,-57.439120,AUTOMOTORES - Talleres Mecanicos
856,PELUQUERIA FRS UNISEX,AVENIDA HERMINIO MENDOZA C/ 2 DE MAYO,0331 40547,,0,NO,NO,NO,,,,-23.40583,-57.44439,SERVICIOS DE COMIDA
857,HN TERMINAL ,ASUNCIÓN E/ JUANA DE ALONSO,0331 241908,ORGANIZACION,10,NO,NO,SÍ,MICRO,NO,0,-23.4033,-57.44639,COMIDAS - Servicios de - Ver: Servicios de Comida
858,AUTOSERVICE PATRI,MONSEÑOR MARICEVICH FLEITAS ,331241735,MUJER,8,NO,SÍ,NO,MICRO,SÍ,3959137-8,-23.408437,-57.439120,FARMACIAS
859,HOSPEDAJE ARTURO ,ASUNCIÓN C/ MIANICOFF,0331 240750,MUJER,72,NO,NO,SÍ,MICRO,SÍ,1894511-2,-23.40117,-57.44654,ELECTRONICA - Instalaciones
860,DESPENSA ADRI,1RO DE MARZO / ASUNCIÓN,331243119,MUJER,300,NO,SÍ,NO,MICRO,SÍ,0,-23.408437,-57.439120,BARES Y COPETINES
861,TALLER DE MOTOS AVENIDA,AVENIDA PINEDO C/ MONSEÑOR MARISEVICH,0982 864706,HOMBRE,240,NO,NO,SÍ,MICRO,SÍ,765378,-23.40059,-57.4415,BODEGAS
862,DESPENSA GALEANO,ANDRES MIANICOFF C/ ASUNCIÓN ,975299405,MUJER,3,NO,SÍ,NO,MICRO,SÍ,4852922-2,-23.39978,-57.44388,AUTOMOTORES - Compra-Ventas
863,COPETIN AVENIDA ,AV. HERMINIO MENDEZO,975795889,HOMBRE,180,NO,NO,SÍ,MICRO,SÍ,0,-23.408437,-57.439120,CARNICERIAS
864,PELUQUERIA MODA Y BELLEZA,SEÑOR BOGARIN C/ PROF. MIANICOFF,,,0,NO,NO,NO,,,,-23.40017,-57.44319,BODEGAS
865,PELUQUERIA DARA ,BOGARIN C/ ANDRES MIANICOFF,971371925,MUJER,24,NO,NO,SÍ,MICRO,NO,0,-23.4033,-57.44639,MOTOCICLETAS
866,AUTOSERVICE GLORIA ,AVENIDA HERMINIO MENDOZA C/ JUANA DE ALONSO ,0331 242818,MUJER,60,NO,SÍ,NO,MICRO,SÍ,1274384-4,-23.40541,-57.44545,MOTOCICLETAS - Repuestos y Accesorios
867,DESPENSA FIDELINA YRIGOYEN ,ISMAEL GONZÁLEZ / MONSEÑOR BOGARIN ,0,MUJER,25,NO,SÍ,NO,MICRO,SÍ,0,-23.405364,-57.434721,AUTOSERVICES
868,TORNERIA SAN GERARDO ,GENERAL DÍAZ C/ HERMINIO MENDOZA ,971694358,HOMBRE,48,NO,NO,SÍ,MICRO,SÍ,0,-23.408594,-57.445793,AUTOMOTORES - Repuestos y Accesorios
869,JOELITO,AVDA. BOQUERÓN Y JOSÉ ROMAÑACH,971678375,MUJER,144,NO,SÍ,NO,MICRO,SÍ,0,-23.408437,-57.439120,DESPENSAS
870,COMERCIAL GÓMEZ ,AVDA. BOQUERÓN Y JOSÉ ROMAÑACH Y SASTRE,975247170,MUJER,48,NO,SÍ,NO,MICRO,SÍ,0,-23.40202,-57.4265,ARTICULOS ESCOLARES
871,PEKE SERIGRAFÍA ,JULIA MIRANDA CUETO Y TTE. ADOLFO,971844140,HOMBRE,96,NO,NO,SÍ,MICRO,NO,3561767-5,-23.39979,-57.42879,DESPENSAS
872,SOLE,SOLDADO DESCONOCIDO Y JULIA MIRANDA CUETO,986825526,HOMBRE,60,NO,SÍ,NO,MICRO,SÍ,0,-23.3991,-57.42652,TORNERIAS MECANICAS
873,CM LIBRERÍA ,JULIA MIRANDA Y MADRINA DE GUERRA,971834110,MUJER,48,NO,SÍ,NO,MICRO,NO,2889635-1,-23.39819,-57.42891,DESPENSAS
874,PASTELERÍA SAN MIGUEL ,JULIA MIRANDA Y AVDA.BOQUERÓN ,0,MUJER,1,NO,SÍ,NO,MICRO,NO,0,-23.4017,-57.42868,DESPENSAS
875,JDS,JULIA MIRANDA CUETO Y SOLDADO DESCONOCIDO,984284891,MUJER,12,NO,SÍ,NO,MICRO,SÍ,0,-23.40058,-57.42877,DESPENSAS
876,AUTOSERVICE EL TRIGAL,MARISEVICH C/ 1 DE MARZO,0,MUJER,12,NO,SÍ,NO,MICRO,SÍ,0,0,0,BODEGAS
877,DESPENSA TOTAL,ISMAEL GONZÁLEZ J/ MONSEÑOR BOGARIN ,973346888,HOMBRE,42,NO,SÍ,NO,MICRO,SÍ,591241-5,-23.408594,-57.447767,MOTOCICLETAS - Taller
878,BODEGA HERMES,1/ DE MARZO C/ ASUNCIÓN,0,HOMBRE,96,NO,SÍ,NO,MICRO,SÍ,0,0,0,DESPENSAS
879,FÁBRICA DE TEJIDOS CACHO,MONSEÑOR BOGARIN C/ 1 DE MARZO,972446446,HOMBRE,55,SÍ,SÍ,NO,MICRO,SÍ,3561533-8,0,0,GASEOSAS - Distribuidoras
880,DESPENSA ORTIZ ,AV. HERMINIO MENDEZA,331242552,MUJER,480,NO,SÍ,NO,MICRO,SÍ,0,0,0,DESPENSAS
881,DESPENSA SANTA LUCIA ,JUANA MARÍA DE ORTELLADO C / ASUNCIÓN ,331240957,MUJER,120,NO,SÍ,NO,MICRO,SÍ,1274641-0,0,0,CARPINTERIAS RURALES
882,CARNICERÍA INMACULADA ,JUANA MARÍA DE ORTELLADO C/ MONSEÑOR BOGARIN ,971800264,HOMBRE,36,SÍ,NO,NO,MICRO,SÍ,4313933-7,0,0,PANADERIAS
883,DESPENSA CARDOZO ,ASUNCIÓN C / JUANA DE ORTELLADO ,331241008,HOMBRE,120,NO,NO,NO,,,,-23.408437,-57.439120,BODEGAS
884,DESPENSA Y CARNICERÍA TORYPAPE,MONSEÑOR BOGARIN ,982922565,MUJER,120,NO,SÍ,NO,MICRO,SÍ,0,0,0,CAMIONES - Taller Mecanico
885,KUREI,VILLARRICA/ OCTAVO PROYECTADA,971290713,HOMBRE,240,NO,SÍ,NO,MICRO,SÍ,0,-23.40419,-57.42864,LAVADEROS DE AUTOVEHICULOS
886,COMERCIAL ADONAI,ZONA TEMINAL,972460605,MUJER,96,NO,NO,SÍ,MICRO,SÍ,2387446-5,-23.408437,-57.439120,GIMNASIOS
887,ÑA GENARA,ZONA TERMINAL,973465620,MUJER,360,NO,NO,SÍ,MICRO,SÍ,0,-23.408437,-57.439120,MOTOCICLETAS - Taller
888,ÑA SELVA,ZONA TERMIAL,971612252,MUJER,228,NO,NO,SÍ,MICRO,SÍ,0,-23.408437,-57.439120,LAVADEROS DE AUTOVEHICULOS
889,ANIBAL CACERES,ZONA TEMINAL,971479104,HOMBRE,60,NO,NO,SÍ,MICRO,SÍ,1170033-5,-23.39861,-57.4445,AUDIO Y ACCESORIOS PARA VEHICULOS
890,MECERIA ROCIO,ZONA TERMINAL,871821542,MUJER,192,SÍ,NO,NO,MICRO,SÍ,2119947-7,-23.408437,-57.439120,DESPENSAS
891,RIVA,TENIENTE CABRERA ENTRE MARCELINO MEDINA Y DOCTOR FRANCIA ,982930674,HOMBRE,300,NO,SÍ,NO,MICRO,SÍ,0,-23.40173,-57.43806,RECEPCIONES - Servicios para
892,VIDRIERIA MALVI,,(0331) 243584,HOMBRE,96,NO,NO,SÍ,MICRO,NO,3561762-4,0,0,HELADERIAS
893,RINCON NORTEÑO,DR. FRANCIA Y SANTOS CANILLAS,243627,HOMBRE,30,SÍ,SÍ,NO,PEQUEÑA,NO,1811837-9,-23.4052,-57.43775,BARES Y COPETINES
894,"COMERCIAL ""JB""",ZONA TERMINAL,982433393,ORGANIZACION,96,NO,NO,SÍ,MICRO,SÍ,4236221-0,-23.39861,-57.4445,HERRERIAS ARTISTICAS
895,ERE ERA LA BOMBA ,YTORORO Y SARGENTO PIRELLI,0,HOMBRE,24,NO,SÍ,NO,MICRO,SÍ,0,-23.40539,-57.43645,DESPENSAS
896,COPETIN EMI,ZONA TERMINAL,0,MUJER,192,NO,NO,SÍ,MICRO,SÍ,0,-23.408437,-57.439120,AUTOMOTORES - Repuestos Usados
897,ÑA OTILIA,ZONA TERMINAL,0,MUJER,360,NO,NO,SÍ,MICRO,SÍ,0,-23.408437,-57.439120,MOTOCICLETAS - Taller
898,LAS MELLIZAS,ZONA TERMINAL,984921011,MUJER,144,NO,NO,SÍ,MICRO,NO,1810858-0,-23.401209,-57.445117,CARBON VEGETAL - Distribuidores
899,HOTEL C.C.,CNEL. PANCHITO LOPEZ ESQ/PROF. GUILLERMO CABRAL,(0331) 243253,HOMBRE,0,NO,NO,SÍ,MICRO,SÍ,2266610-9,-23.413202,-57.438991,DESPENSAS
900,ELECTRONICA ELOY,,(0982)348478,HOMBRE,12,NO,NO,SÍ,MICRO,NO,0,-23.410051,-57.440085,GOMERIAS
901,COMERCIAL LA CHAQUEÑA ,YTORORO Y SANTOS CANILLAS ,240330,HOMBRE,400,SÍ,SÍ,NO,MEDIANA,SÍ,954534-4,-23.406839,-57.439613,METALURGICAS
902,SANTA ISABEL ,PROFESOR CABRAL CASI YTORORO,242195,HOMBRE,300,NO,SÍ,NO,MICRO,SÍ,938354-3,-23.405519,-57.43883,DESPENSAS DE BEBIDAS
903,EL EMPRENDEDOR,PROFESOR CABRAL CASI YTORORO,981495297,HOMBRE,24,NO,SÍ,NO,MICRO,SÍ,3592297-4,-23.40521,-57.43888,LIBRERIAS
904,CANTERO,YTORO CASI PADRE MARCELINO MEDINA,983544954,HOMBRE,480,NO,SÍ,NO,MICRO,SÍ,0,-23.40559,-57.43821,CELULAR - Aparatos
905,RAMÓN ,MADRE C ONCEPCIONERA ,0,HOMBRE,4,NO,SÍ,NO,MICRO,SÍ,0,-23.42068,-57.44207,ELECTROMECANICA
906,EL PROGRESO,GENERAL FRANCO C/ AV. AUGUSTIN FERNANDO DE PINEDO,(0331) 242272,MUJER,696,SÍ,SÍ,NO,MICRO,SÍ,774491-9,-23.407610,-57.441577,"ARTICULOS PARA FERRETERIA - Ver: Ferreteria, Art. para"
907,V Y M ,ROMUALDO IRIGOYEN ,972691015,HOMBRE,6,NO,SÍ,NO,MICRO,SÍ,0,-23.42335,-57.44413,COMPUTADORAS - Ver: Informatica
908,FRANEL,AVENIDA BOQUERON,240113,HOMBRE,10,NO,SÍ,NO,MICRO,SÍ,0,-23.40341,-57.4379,AGENDAS ELECTRONICAS
909,ARTE COLOR,AVDA. PINEDO ESQ. PTE FRANCO,(0982) 270138,HOMBRE,156,NO,SÍ,NO,MICRO,SÍ,2945476-0,-23.407551,-57.441448,PRENDAS - Ver. Ropas
910,KATY COPETIN,EUGENIO AGUERO C/ ITURBE,982741568,MUJER,4,NO,SÍ,NO,MICRO,1,0,-23.404635,-57.447003,BARES Y COPETINES
911,CAAGUAZU,SCREIBERT Y DOCTOR FRANCIA ,981779123,HOMBRE,120,NO,SÍ,NO,MICRO,SÍ,4853022-0,-23.404849,-57.439909,PELUQUERIAS
912,SAN ANDANIO ,BASILIO QUEVEDO SÉPTIMA PROYECTADA ,0,MUJER,280,NO,SÍ,NO,MICRO,SÍ,0,-23.42174,-57.44231,MERCERIAS
913,PIOLIN ,DOCTOR FRANCIA ,982902614,HOMBRE,150,NO,SÍ,NO,MICRO,SÍ,0,-23.40429,-57.4389,CARNICERIAS
914,DR BURGER PIZZA,MARISCAL LOPEZ CASI AVENIDA PINEDO,983894503,HOMBRE,24,NO,NO,SÍ,MICRO,SÍ,4626087-0,-23.409608,-57.441705,CIENCIAS CONTABLES Y ADMINISTRATIVAS - Ensenanza Superior
915,ANA COLLECTION,MARISCAL LOPEZ CASI AVENIDA PINEDO ,983345835,MUJER,108,NO,SÍ,NO,MICRO,NO,3678734-5,-23.409529,-57.441861,AGENCIAS DE VIAJES Y TURISMO
916,SIBARITA MODAS ,AVENIDA BOQUERON Y TENIENTE CABRERA,240193,MUJER,120,NO,SÍ,NO,MICRO,SÍ,2063461-7,-23.4024,-57.4359,PASTELERIAS
917,BODEGA MORAL,MAYOR LORENZO MEDINA Y PADRE QUEIROZ CANDIA,973104286,HOMBRE,24,NO,SÍ,NO,MICRO,NO,0,-23.408574,-57.428863,BARES Y COPETINES
918,DESPENSA REBECA ,AVENIDA PINEDO,240283,HOMBRE,350,SÍ,SÍ,NO,MICRO,SÍ,0,-23.42345,-57.44425,PELUQUERIAS
919,ACTUAL MODAS ,SCREIBERT ENTRE DOCTOR FRANCIA Y PADRE MARCELINO MEDINA ,971837850,MUJER,24,SÍ,SÍ,NO,MICRO,SÍ,3717801-6,-23.405357,-57.440068,DESPENSAS
920,BODEGA MONTANIA,RESIDENTA E/ QUEIROZ CANDIA,0,MUJER,12,NO,SÍ,NO,MICRO,SÍ,0,-23.409283,-57.429099,HOSPEDAJES
921,AGRINCO,MCAL. ESTIGARRIBIA C/ AVDA. PINEDO,331243177,HOMBRE,360,SÍ,SÍ,NO,MICRO,SÍ,526796-0,-23.408476,-57.442296,DESPENSAS
922,COPETIN LA VICTORIA,BERNARDINO CABALLERO Y DIAGONAL IBAÑEZ ROJAS,0,MUJER,60,NO,SÍ,NO,MICRO,NO,0,-23.409972,-57.430515,BODEGAS
923,FREESIA PERFUMERIA,PTE FRANCO C/ YEGROS,240996,MUJER,24,NO,SÍ,NO,MICRO,SÍ,4323655-3,-23.407610,-57.442918,DESPENSAS
924,ACUARIO,PTE FRANCO C/ 14 DE MAYO,242796,HOMBRE,408,SÍ,SÍ,NO,MICRO,SÍ,89945573-8,-23.407856,-57.443143,MOTORES MARINOS - Reparaciones
925,CURSILLO CEPIM - PARODI,CERRO CORA C/ TTE FLORENCIO GOMEZ,986844844,HOMBRE,84,NO,NO,SÍ,PEQUEÑA,0,3185240-8,-23.403786,-57.446208,BODEGAS
926,DESPENSA SANTA ROSA,BERNARDINO CABALLERO C/ SOSA GAONA,976395940,HOMBRE,0,NO,SÍ,NO,MICRO,SÍ,5924539-5,-23.410218,-57.429893,AUTOSERVICES
927,DESPENSA LA GALLINITA,PTE. FRANCO C/ 14 DE MAYO,242431,MUJER,216,NO,SÍ,NO,MICRO,SÍ,113113-6,-23.407885,-57.443358,CLINICA MEDICA - Medicos
928,DESPENSA LOS ENANOS,PADRE QUEIROZ CANDIA ,982102919,MUJER,24,NO,SÍ,NO,MICRO,SÍ,0,-23.409775,-57.428863,TAPICERIAS - Muebles
929,DESPENSA COLMAN,AV. CAYO  SOLTERO MILTOS ,242021,MUJER,840,NO,SÍ,NO,MICRO,SÍ,0,-23.409913,-57.431138,BEBIDAS - Distribuidores
930,ETOCELL,PTE. FRANCO C/ 14 DE MAYO,241446,HOMBRE,96,NO,SÍ,NO,MICRO,SÍ,5608353-0,-23.407886,-57.443454,ALMACENES RAMOS GENERALES
931,EL CAMPEÓN ,,976522948,MUJER,240,SÍ,NO,NO,MICRO,NO,1278479-6,-23.4117,-57.43397,ALMACENES RAMOS GENERALES
932,DESPENSA CAACUPR,0,984789502,MUJER,24,NO,SÍ,NO,MICRO,NO,0,-23.4117,-57.43397,CLINICAS MEDICAS
933,FOTO SOL,AVDA. HERMINIO MENDOZA C/ GRAL GARAY,331241797,HOMBRE,720,NO,NO,SÍ,MICRO,1,2015625-1,-23.402568,-57.445338,FERRETERIAS
934,COMERCIAL ÑA ESTELA ,,0,MUJER,240,SÍ,NO,NO,MICRO,SÍ,1503092-0,-23.4117,-57.43397,CAMIONES - Taller Mecanico
935,DESPENSA NEBLINA,,975863409,MUJER,240,NO,SÍ,NO,MICRO,SÍ,0,-23.41405,-57.43257,AUTOGAS - Surtidores
936,DESPENSA LUCY,0,0,MUJER,96,NO,SÍ,NO,MICRO,NO,0,-23.41294,-57.42768,HOSPEDAJES
937,R Y J MODAS,PTE. FRANCO C/ 14 DE MAYO,984266161,HOMBRE,120,NO,SÍ,NO,MICRO,SÍ,3391127-4,-23.407845,-57.444463,ALMACENES RAMOS GENERALES
938,COMEDOR NILSA,BERNARDINO CABALLERO,971838880,MUJER,36,NO,SÍ,NO,MICRO,NO,2168307,-23.409066,-57.431824,MOTOCICLETAS - Taller
939,DESPENSA JP,FRAY MIGUEL MARTINEZ,971814955,HOMBRE,120,NO,SÍ,NO,MICRO,SÍ,0,-23.420497,-57.436234,FARMACIAS
940,MECANICA AUTOMOTRIZ E INDUSTRIAL DIESEL,GRAL GARAY 366 C/ OTAÑO,331242496,HOMBRE,480,NO,NO,SÍ,MICRO,1,360300-8,-23.40543,-57.44385,DESPENSAS
941,CHE KAPE,FRAY MIGUEL MENDEZ,975249570,HOMBRE,12,NO,NO,SÍ,MICRO,NO,0,-23.41137,-57.43166,COMEDORES
942,ÑA KIKA,PEDRO JUAN CABALLERO C/ FLORENCIO GOMEZ,973505120,MUJER,336,NO,SÍ,NO,MICRO,1,0,-23.40332,-57.44572,PELUQUERIAS
943,BANQUITA,CLAUDIO ACOSTA ,973803889,HOMBRE,132,NO,SÍ,NO,MICRO,NO,0,-23.41457,-57.43688,DESPENSAS
944,SANTA CECILIA ,CLAUDIO ACOSTA Y ANTONIO CABALLERO ,972733642,MUJER,36,NO,SÍ,NO,MICRO,SÍ,0,-23.41777,-57.44211,TORNERIAS MECANICAS
945,COMEDOR HETEREI,BERNARDINO CABALLERO ,0,HOMBRE,12,NO,SÍ,NO,,NO,5231632-7,-23.409027,-57.432125,ALMACENES RAMOS GENERALES
946,DESPENSA DAVID ,,,,0,NO,NO,NO,,,,-23.41777,-57.442211,ALMACENES RAMOS GENERALES
947, DESPENSA UNIÓN ,,971135161,HOMBRE,96,NO,SÍ,NO,,NO,,-23.41291,-57.44117,CONFECCIONES
948,MINIMERCADO DEL ABASTO,,,HOMBRE,18,NO,SÍ,NO,,SÍ,,-23.41137,-57.43166,ALMACENES RAMOS GENERALES
949,DESPENSA DIANA,ANTONIO CABALLERO DE AÑANZCO,331243521,MUJER,240,NO,SÍ,NO,,SÍ,0,-23.41291,-57.44117,LIBRERIAS
950,LAVADERO,TTE FLORENCIO GOMEZ,971348343,HOMBRE,1,NO,NO,SÍ,MICRO,SÍ,0,-23.40498,-57.44505,COMEDORES
951,TALLER DE MOTOS PEDRITO,SCREIBERT Y DOCTOR FRANCIA ,976902967,HOMBRE,6,NO,SÍ,NO,MICRO,NO,0,-23.40425,-57.43987,ABOGADOS
952,LA BODEGUITA,TTE FLORENCIO GOMEZ ESQ. ITURBE,975292039,MUJER,2,NO,SÍ,NO,MICRO,SÍ,0,-23.40333,-57.44573,ARTICULOS PROMOCIONALES
953,DON WALTER ,GENERAL EUGENIO A GARAY ESQUINA BRASIL,,HOMBRE,0,NO,NO,NO,,,,-23.40714,-57.44457,ALMACENES RAMOS GENERALES
954,LAS PULPAS ,,,MUJER,0,NO,NO,NO,,,,-23.40776,-57.4438,BODEGAS
955,TALLER ALFA,CERRO CORÁ C/ AVDA HERMINIO MENDOZA,972401453,HOMBRE,60,NO,NO,SÍ,MICRO,NO,0,-23.40117,-57.44654,TEJIDOS DE ALAMBRE - Venta y Colocacion
956,PEPES LOMITOS,GASPAR RODRIGUEZ DE FRANCIA Y REPUBLICA DE COLOMBIA,241690,MUJER,24,SÍ,NO,NO,PEQUEÑA,SÍ,3981001-1,-23.404577,-57.438648,ALMACENES RAMOS GENERALES
957,FOTO SUSY,AVDA HERMINIO MENDOZA C/ CERRO CORA,,MUJER,0,NO,NO,SÍ,MICRO,SÍ,,-23.402588,-57.446673,ALMACENES RAMOS GENERALES
958,15 AÑOS. NOVIAS,PRESIDENTE FRANCO,,MUJER,0,NO,NO,SÍ,,NO,,-23.40769,-57.44283,CARNE VACUNA - Distribuidores
959,EMPANADAS MILE ,0,984612384,MUJER,1,NO,SÍ,NO,MICRO,SÍ,0,-23.403543,-57.441196,ALMACENES RAMOS GENERALES
960,M Y A ,0,985697428,MUJER,1,NO,SÍ,NO,MICRO,NO,0,-23.408437,-57.439120,ALMACENES RAMOS GENERALES
961,MAC STORE,PRESIDENTE FRANCO ,975605760,HOMBRE,2,NO,SÍ,NO,,SÍ,5454926-4,-23.40759,-57.4421,ACEITES COMESTIBLES - Representantes
962,NEW LOOK COIFFURE,AVDA HERMINIO MENDOZA C/ CERRO CORÁ,,,0,NO,NO,SÍ,MICRO,NO,,-23.402332,-57.445933,CELULAR - Repuestos
963,PELUQUERIA PATYSITO,0,973867187,MUJER,1,NO,SÍ,NO,MICRO,NO,0,-23.403868,-57.439785,BARES Y COPETINES
964,BODEGA PATO,AVDA HERMINIO MENDOZA E/ PEDRO JUAN CABALLERO,,HOMBRE,0,NO,SÍ,NO,MICRO,NO,,-23.402632,-57.448052,BARES Y COPETINES
965,APITA MODAS ,PROFESOR GUILLERMO CABRAL CASI PADRE MARCELINO MEDINA,0,MUJER,16,NO,SÍ,NO,MICRO,SÍ,0,-23.406585,-57.439882,ELECTRODOMESTICOS
966,CAT- CARS,AVENIDA PINEDO CASI PADRE MARCELINO MEDINA,971218776,HOMBRE,24,NO,SÍ,NO,MICRO,NO,242572-5,-23.403759,-57.438766,ELECTRODOMESTICOS - Reparaciones
967,HELADERIA CHIQUI,AVENIDA PINEDO CASI PADRE MARCELINOMEDINA,973587796,MUJER,12,NO,SÍ,NO,MICRO,NO,0,-23.403375,-57.441072,POLARIZADOS - Edificios y Oficinas
968,MINIMERCADO AVALOS,JORGE SEBASTIAN MIRANDA Y OBRERO,976389643,HOMBRE,36,NO,SÍ,NO,MICRO,1,3391141-0,-23.395912,-57.446201,SUPERMERCADOS
969,FINANCIERA SOLAR SAECA,MARISCAL ESTIGARRIBIA/YEGROS,331243466,ORGANIZACION,120,NO,NO,SÍ,MICRO,NO,80002283-1,-23.40765,-57.44271,MERCERIAS
970,DESPENSA Y CARNICERIA E Y M,PROF. MERALDA DE ORTELLADO Y OBRERO,986398506,MUJER,36,NO,SÍ,NO,MICRO,NO,0,-23.396069,-57.447145,ROPAS SEMI-NUEVAS
971,EDUVIGIS,OBRERO ESQ. FRANCISCA BERNAL,986606504,MUJER,1,NO,SÍ,NO,MICRO,NO,0,-23.395991,-57.448153,BARES Y COPETINES
972,SAN BLAS ,PDTE FRANCO E/ 14 DE MAYO,240523,MUJER,276,SÍ,NO,NO,MICRO,SÍ,3.441.939-0,-23.40721,-57.44195,HOTELES
973,LOMITERIA SARHA ,AVENIDA PINEDO CASI PADRE MARCELINO MEDINA ,975257914,MUJER,16,NO,SÍ,NO,MICRO,NO,6276119-6,-23.405463,-57.438616,FINANCIERAS
974,COMERCIAL ENZO,0,0,,0,NO,NO,NO,,,0,-23.40844,-57.43987,ABOGADOS
975,TALLER DE MOTO ALFREDO BENITEZ,1RO DE MARZO Y OBRERO,971566975,HOMBRE,120,NO,NO,SÍ,MICRO,NO,0,-23.396522,-57.449248,ALMACENES RAMOS GENERALES
976,MARAVILLA COMERCIAL,0,0,,0,NO,NO,NO,,,0,-23.4084,-57.43957,ELECTRONICA - Instalaciones
977,COMEDOR DANI,0,0,,0,NO,NO,NO,,,0,-23.40835,-57.4399,SUPERMERCADOS
978,EDU NOVEDADES,0,0,,0,NO,NO,NO,,,0,-23.40845,-57.43952,FRUTERIAS
979,YPANE F.M,BRASIL C/ GRAL. GARAY,242711,ORGANIZACION,0,NO,NO,SÍ,MICRO,SÍ,80029603-6,-23.4075,-57.44578,AUTOMOTORES - Cambio de Aceite y Filtros - Ver: Lubricantes y Filtros
980,CASA GALI,SCREIBERT E/ MAYOR LORENZO MEDINA Y DON BOSCO,331242743,HOMBRE,360,SÍ,SÍ,NO,PEQUEÑA,NO,1587624-1,-23.40803,-57.44051,PANADERIAS
981,COMERCIAL ALVAREZ ,DON BOSCO Y SCREIBERT ,242235,MUJER,360,NO,SÍ,NO,MICRO,SÍ,934565-5,-23.40465,-57.44013,BODEGAS
982,UVALDO MARTINEZ,OBRERO Y ISMAEL GONZÁLEZ,971810482,HOMBRE,240,NO,SÍ,NO,MICRO,NO,0,-23.395794,-57.450278,ZAPATERIAS - Ver: Calzados
983,JOYERÍA RD,AV AGUSTÍN FERNANDEZ DE PINEDO,971823566,HOMBRE,264,NO,SÍ,NO,MICRO,NO,0,-23.40801,-57.44104,GOMERIAS
984,ANA COLECTION,AVDA. PINEDO Y MCAL. LÓPEZ,983345835,MUJER,108,NO,SÍ,NO,MICRO,NO,3678734-5,-23.409529,-57.441952,LIBRERIAS
985,SAN JOSÉ S.A,CORONEL MARTINEZ Y YEGROS,331243337,ORGANIZACION,180,NO,SÍ,NO,MICRO,SÍ,80021676-8,-23.410238,-57.444366,FERRETERIAS
986,CRD DESPENSA ,TE JOSE GOMEZ Y 14 DE MAYO,976813087,MUJER,60,NO,SÍ,NO,MICRO,SÍ,0,-23.39305,-57.44276,DESPENSAS
987,YSAPY,MCAL. ESTIGARRIBIA Y YEGROS,0,HOMBRE,300,NO,SÍ,NO,MICRO,SÍ,0,-23.408623,-57.442752,AUTOMOTORES - Talleres Mecanicos
988,MI RINCÓN ,YEGROS Y CNEL. MARTINEZ,331240404,HOMBRE,144,NO,NO,SÍ,MICRO,SÍ,707883-8,-23.410268,-57.442070,BARES Y COPETINES
989,SALÓN DE BELLEZA CLAUDIA,CNEL. MARTINEZ C/ AVDA. PINEDO,0,MUJER,0,NO,NO,SÍ,MICRO,SÍ,0,-23.410169,-57.441523,JUEGOS DE AZAR
990,TALLER ELECTROMECANICO,CNEL. MARTINEZ C/ AVDA. PINEDO,331241644,HOMBRE,0,NO,NO,SÍ,MICRO,SÍ,0,-23.410228,-57.441909,DESPENSAS
991,VÍCTOR HUGO ,PROFESOR MIANICOFF,971414109,MUJER,240,NO,SÍ,NO,MICRO,SÍ,0,-23.39331,-57.4439,BODEGAS
992,DESPENSA RUBI,CAPITAN MANUEL IRALA ESQ. 1RO DE MARZO,,,0,NO,NO,NO,,,,-23.396936,-57.449012,PIZZAS - Fabricas
993,FOTO AVALOS,CPTAN MANUEL IRALA FERNANDEZ ESQ. FRANCISCA BERNAL,973696573,,0,NO,NO,NO,,,,-23.396936,-57.448089,HAMBURGUESAS - Servicios de
994,ROSANA,JORGE SEBASTIÁN MIRANDA ,982960768,MUJER,65,NO,SÍ,NO,MICRO,SÍ,2992443-0,-23.39227,-57.4462,MOTOCICLETAS - Representantes
995,DISTRICAR YVERA,BERNARDINO CABALLERO,986562109,HOMBRE,12,NO,NO,SÍ,MICRO,SÍ,1638158-0,-23.409726,-57.439957,CAFE - Distribuidores
996,PESCADERÍA VELÁZQUEZ ,MONSEÑOR LASCHI IRIGOYEN,0,HOMBRE,0,NO,SÍ,NO,MICRO,NO,,-23.41997,-57.44265,DULCES - Distribuidores
997,PESCADERÍA EL PESCADOR 1,MONSEÑOR BENIGNO LASCHI C/ IRIGOYA,971892337,HOMBRE,120,NO,SÍ,NO,MICRO,SÍ,0,-23.41997,-57.44265,PRODUCTOS LACTEOS - Distribuidores
998,DEPOSITO DE HARINA SEM AGRO,OBRERO C/ PROF MERALDA DE ORTELLADO,972101396,HOMBRE,48,SÍ,SÍ,NO,MICRO,NO,80044600-3,-23.395892,-57.447102,POLLOS FAENADOS - Distribuidores
999,DESPENSA Y CARNICERÍA DON ISI ,ELADIO CABRAL C/ MADRE CONCEPCIONERA,240485,MUJER,48,NO,SÍ,NO,MICRO,SÍ,2965010-0,-23.41997,-57.44247,PRENDAS - Ver. Ropas
1000,PERLA NORTE,AVDA. BERNARDINO CABALLERO C/ AVDA PINEDO,241338,HOMBRE,144,SÍ,SÍ,NO,PEQUEÑA,SÍ,80066150-8,-23.409618,-57.440804,MERCERIAS
1001,LA ESMERALDA ,MAYOR LORENZO MEDINA C/ ESCREIBER ,,,0,NO,NO,NO,,,,0,0,BODEGAS
1002,RPM,JORGE S. MIRANDA ESQ. OBRERO,985885416,HOMBRE,18,NO,SÍ,NO,MICRO,NO,3403332-7,-23.395794,-57.446094,DESPENSAS
1003,DIVISERVICE,MCAL. ESTIGARRIBIA C/ 14 DE MAYO,971229312,HOMBRE,2,NO,SÍ,NO,MICRO,SÍ,4942458-0,-23.408481,-57.443057,AGROPECUARIAS
1004,CPETIN CAACUPE,MCAL. LOPEZ C/ AVDA. PINEDO,972524589,MUJER,60,NO,NO,SÍ,MICRO,NO,0,-23.409504,-57.441373,ELECTRODOMESTICOS - Distribuidoras
1005,LA ELEGANCIA,MCAL. LÓPEZ Y 14 DE MAYO,972123729,HOMBRE,36,NO,NO,SÍ,MICRO,NO,0,-23.409421,-57.443959,TELEFONIA - Cabinas Publicas
1006,AL PASO,YEGROS Y MCAL. LÓPEZ,331240925,HOMBRE,216,NO,NO,SÍ,MICRO,SÍ,1279568-2,-23.409578,-57.441931,AUTOMOTORES - Talleres Mecanicos
1007,DON PITA PAN,PLAZA AGUSTIN F. DE PINEDO,982487771,HOMBRE,6,NO,NO,SÍ,MICRO,SÍ,6630205-6,-23.408889,-57.442038,PERFUMERIAS
1008,TÍA OLI,PLAZA AGUSTÍN F. DE PINEDO,976915739,MUJER,3,NO,NO,SÍ,MICRO,SÍ,0,-23.409027,-57.442017,INTERNET - Cyber
1009,WINNER SPORT,MCAL. LÓPEZ Y YEGROS,972691748,MUJER,60,NO,SÍ,NO,MICRO,NO,1830796-5,-23.409657,-57.443218,FOTOGRAFIAS
1010,HOC CELL,AVDA. PINEDO Y MÉDICOS DEL CHACO,331241509,HOMBRE,24,NO,SÍ,NO,MICRO,SÍ,2377564-5,-23.402765,-57.441137,DESPENSAS
1011,ESTILO HOGAR CONCEPCIÓN,AVDA. PINEDO C/ 13 TUYUTI,331241930,HOMBRE,130,NO,SÍ,NO,MICRO,SÍ,1278676-4,-23.403238,-57.441244,DESPENSAS
1012,VR PUBLICITARIA,AVDA. PINEDO C/ SOLDADO DESCONOCIDO,331240809,MUJER,50,SÍ,NO,NO,MICRO,SÍ,3541439-1,-23.40543,-57.44385,CELULAR - Aparatos
1013,MARIAM,MADRINAS DE GUERRA C/PINEDO,971727588,HOMBRE,78,NO,NO,SÍ,MICRO,SÍ,0,-23.398,-57.44028,DESPENSAS
1014,RENE,AVDA. PINEDO C/ MADRINA DE GUERRA,991498137,HOMBRE,35,NO,NO,SÍ,MICRO,SÍ,0,-23.39791,-57.44102,FOTOGRAFIAS
1015,MBURIKAO,TTE. ROJAS SILVA,971807670,HOMBRE,200,NO,NO,SÍ,MICRO,SÍ,0,-23.404143,-57.431073,SALONES PARA EVENTOS
1016,MINI PLUS,TTE. ROJAS SILVA C/ PAI PÉREZ,971814833,MUJER,24,NO,SÍ,NO,MICRO,SÍ,0,-23.403119,-57.431417,DESPENSAS
1017,GALEANO,PAI PÉREZ C/ 13 TUYUTI,971278223,HOMBRE,350,NO,NO,SÍ,MICRO,SÍ,0,-23.400874,-57.439570,BEBIDAS - Depositos de
1018,VETERINARIA 4 PATAS,AVDA. BOQUERÓN C/ PAÍ PÉREZ,971469724,MUJER,18,NO,SÍ,NO,MICRO,NO,2015625-0,-23.40218,-57.4398,DESPENSAS
1019,P.P COMERCIAL,PAÍ PÉREZ 548,331240632,HOMBRE,1,NO,SÍ,NO,MICRO,SÍ,884873-4,-23.39765,-57.43934,ODONTOLOGIA - Clinicas
1020,LA AGUADA,PAÍ PÉREZ 564 C/ MEDICOS DEL CHACO,975385834,MUJER,264,NO,SÍ,NO,MICRO,SÍ,0,-23.39745,-57.93925,SALES MINERALES
1021,BENITEZ,TADEO AVALOS C/ RUTA LORETO,981348822,HOMBRE,120,NO,SÍ,NO,MICRO,SÍ,0,-23.39779,-57.43841,BOUTIQUES
1022,DESPENSA BELLE,TTE. TADEO AVALOS C/ MADRINA DE GUERRA,984170606,MUJER,96,NO,SÍ,NO,MICRO,SÍ,0,-23.39832,-57.43855,COMEDORES
1023,CLINICAO,AVDA. BOQUERÓN C/ PAÍ PÉREZ,971805261,HOMBRE,6,NO,SÍ,NO,MICRO,NO,6779784-9,-23.40223,-57.43949,DESPENSAS
1024,EUGENIA,TTE. TADEO AVALOS C/ 13 TUYUTI,331242324,MUJER,600,NO,SÍ,NO,MICRO,SÍ,599988-8,-23.90211,-57.439,AUTOMOTORES - Talleres Mecanicos
1025,M.R ,MEDICOS DEL CHACO Y PAÍ PÉREZ,0,HOMBRE,0,NO,NO,SÍ,MICRO,NO,0,-23.396483,-57.439055,GOMERIAS
1026,SAN JOSÉ,AVDA. PINEDO C/ MADRINA DE GUERRA,975287188,HOMBRE,24,SÍ,NO,NO,MICRO,NO,3419395-2,-23.403198,-57.441158,CARNICERIAS
1027,LA MISIONERA,AVDA. PINEDO C/ 13 TUYUTI,331242520,MUJER,84,SÍ,NO,NO,MICRO,SÍ,4393661-0,-23.405798,-57.441030,ESTACIONES DE SERVICIOS
1028,TODO POR 20.000,AVDA. PINEDO Y 13 TUYUTI,973119190,HOMBRE,4,SÍ,NO,NO,MICRO,SÍ,2384172-9,-23.398905,-57.447338,DESPENSAS
1029,MITO,13 TUYUTI C/ AVDA. PINEDO,0,HOMBRE,120,NO,SÍ,NO,MICRO,NO,2049417-3,-23.406152,-57.441072,BOUTIQUES
1030,OSCAR,PAÍ PÉREZ C/ SOLDADO DESCONOCIDO,331240618,HOMBRE,168,NO,SÍ,NO,MICRO,NO,1423804-7,-23.401859,-57.438583,BEBIDAS - Depositos de
1031,RAMONITA,13 TUYUTI E/ PAÍ PÉREZ,971898598,MUJER,60,NO,SÍ,NO,MICRO,SÍ,0,-23.408437,-57.439120,COMEDORES
1032,LO DE ROMI,13 TUYUTI C/ AVDA. PINEDO,0,MUJER,2,NO,NO,SÍ,MICRO,SÍ,0,-23.406940,-57.441115,DESPENSAS
1033,COPIAS ZONA ZERO,AVDA. PINEDO Y SOLDADO DESCONOCIDO,331241087,HOMBRE,96,NO,SÍ,NO,MICRO,SÍ,3684569-8,-23.401623,-57.438369,DESPENSAS
1034,RELOJERIA SUIZA,PTE. FRANCO C/ GRAL. GARAY,331240438,MUJER,648,SÍ,NO,SÍ,MICRO,SÍ,288637-5,-23.407826,-57.444549,VERDULERIAS
1035,KATHERIN BOUTIQUE,PTE. FRANCO C/ GRAL. GARAY,242841,MUJER,240,NO,SÍ,NO,MICRO,SÍ,1233968-7,-23.409539,-57.444592,DESPENSAS
1036,AUTOSERVICE VIRGEN DEL CARMEN,GRAL.GARAY C/ BRASIL,242878,MUJER,360,NO,SÍ,NO,MICRO,SÍ,619966-6,-23.407196,-57.444678,LAVADEROS DE AUTOVEHICULOS
1037,EL HELADERO,GRAL. GARAY ESQ/ BRASIL,976865750,HOMBRE,60,NO,SÍ,NO,MICRO,NO,0,-23.406783,-57.444785,ESTUDIOS CONTABLES
1038,ML MULTIMARCAS,BRASIL C/ 14 DE MAYO,984138020,MUJER,48,NO,SÍ,NO,MICRO,SÍ,3471298-4,-23.406724,-57.443412,AUTOMOTORES - Talleres Mecanicos
1039,TERESA DE JESUS,BRASIL C/ 14 DE MAYO,331242117,MUJER,60,NO,NO,SÍ,MICRO,NO,968668-1,-23.406743,-57.443004,CARNICERIAS
1040,PELUQUERIA ROSI,14 DE MAYO C/ BRASIL,981749633,MUJER,48,NO,SÍ,SÍ,MICRO,SÍ,5197551-0,-23.407334,-57.443562,JUGOS NATURALES
1041,TERESA DECORACIONES,BRASIL C/ 14 DE MAYO,242006,MUJER,360,SÍ,NO,NO,MICRO,SÍ,856261-0,-23.407018,-57.444205,AUTOMOTORES - Talleres Mecanicos
1042,TALLER SAN CARLOS ,BRASIL C/ PTE. FRANCO,331241992,HOMBRE,432,NO,NO,SÍ,MICRO,NO,709400-0,-23.407570,-57.443905,GASTRONOMIA - Materia Prima
1043,RAQUEL NOVEDADES,MCAL. ESTIGARRIBIS C/ AVDA. PINEDO,972656068,HOMBRE,96,SÍ,NO,NO,MICRO,SÍ,1706067-2,-23.408476,-57.441995,FOTOGRAFIAS
1044,DESPENSA ANA KAURA,BERNARDO ROJAS,972874526,MUJER,24,NO,SÍ,NO,MICRO,SÍ,0,-23.419404,-57.438133,VESTIDOS DE NOVIA - Alquileres
1045,DESPENSA ELIAS,MADRE CONCEPCIONERA C/ DOMINGO ROBLEDO,0,MUJER,24,NO,SÍ,NO,MICRO,SÍ,0,-23.419562,-57.439485,GASTRONOMIA - Servicios
1046,DESPENSA DOS HERMANOS,MADRES CONCEPCIONERAS C/AVDA PINEDO,972138334,MUJER,180,NO,SÍ,NO,MICRO,SÍ,0,-23.420487,-57.440686,ARTICULOS DE BAZAR
1047,DESPENSA RODRIGUEZ,,971188169,HOMBRE,240,NO,SÍ,NO,MICRO,SÍ,0,-23.420448,-57.440493,BOUTIQUES
1048,LIBRERIA SF,JUAN JOSE GAMARRA Y TTE LUIS PARRA,0,ORGANIZACION,180,NO,SÍ,NO,MICRO,SÍ,3414081-6,-23.419817,-57.440300,SALONES DE BELLEZA
1049,MC ELECTRODOMESTICOS,ANTONIO CABALLERO Y TTE CABRERA,331240371,MUJER,36,NO,SÍ,NO,MICRO,SÍ,3698313-6,-23.420428,-57.440085,PELUQUERIAS
1050,MARIA INES,CARLOS ANTONIO LOPEZ ESQ. MARISCAL ESTIGARRIBIA,242901,MUJER,132,NO,SÍ,SÍ,MICRO,SÍ,1379802-0,-23.408840,-57.451329,CONSULTORAS JURIDICAS
1051,VICTORINA COLMAN,ANTONIA CABRERA Y TTE CABRERA,240087,MUJER,180,NO,SÍ,NO,MICRO,SÍ,954847-9,-23.420487,-57.440150,ABOGADOS
1052,SPORT MANIA ,AVDA PINEDO,971807790,MUJER,96,NO,SÍ,NO,MICRO,NO,3502969-2,-23.409204,-57.440901,BODEGAS
1053,TALLER DE MOTO NENE,GUILLERMO CABRAL C/BERNARDINO CABALLERO,971834270,HOMBRE,96,NO,NO,SÍ,MICRO,NO,586130-6,-23.408437,-57.439120,ARTICULOS DE LIMPIEZA
1054,VERDULERIA AMAMBAY,PROFESOR GUILLERMO CABRAL,0,HOMBRE,120,NO,SÍ,NO,MICRO,SÍ,0,-23.410426,-57.439978,PRENDAS - Ver. Ropas
1055,CARNICERIA SANTA ANA,PROFESOR CABRAL,331241666,HOMBRE,60,NO,SÍ,NO,MICRO,SÍ,0,-23.409066,-57.440000,FINANCIERAS
1056,SHARAT CELL,AVDA BERNARDINO CABALLERO C/PROF CABRAL,0,HOMBRE,84,NO,SÍ,NO,MICRO,SÍ,0,-23.408673,-57.437704,CASAS DE CAMBIOS
1057,DIGITAL 3,BERNARDINO CABALLERO C/ PROFESOR CABRAL,972936770,HOMBRE,72,NO,NO,SÍ,MICRO,NO,1617912-9,-23.408515,-57.439785,DESPENSAS
1058,COMEDOR DE YANDIRA,BERNARDINO CABALLERO C/PROFESOR CABRAL,982665915,MUJER,36,NO,SÍ,NO,MICRO,SÍ,1909916-9,-23.409461,-57.439034,ARTICULOS DE LIMPIEZA
1059,TODO POR 20MIL,BERNARDINO CABALLERO C/PROFESOR CABRAL,983781256,HOMBRE,10,NO,SÍ,NO,MICRO,SÍ,6019652-1,-23.408476,-57.438991,CARNICERIAS
1060,CASA CARDOZO,AV BERNARDINO CABALLERO ,0,HOMBRE,300,NO,SÍ,NO,MICRO,SÍ,2180084-7,-23.409322,-57.432017,AUTOMOTORES - Repuestos y Accesorios
1061,CRISPIN GALEANO,PADRE MEDINA,242371,HOMBRE,600,SÍ,SÍ,NO,MICRO,SÍ,935792-0,-23.403690,-57.438455,GASTRONOMIA - Servicios
1062,MI LIMÓN COMPLEMENTOS,AV PINEDO,0,MUJER,0,NO,SÍ,NO,,,0,-23.409786,-57.441352,MOTOCICLETAS - Taller
1063,LIBRERIA ROCIO ,AVENIDA PINEDO ENTRE ROY BERNAL Y BERNARDINO CABALLERO,240323,HOMBRE,300,NO,SÍ,NO,MICRO,SÍ,537058-2,-23.409854,-57.441287,MERCERIAS
1064,ONDA NORTE,PROFESOR CABRAL C/BERNARDINO CABALLERO,982210329,HOMBRE,12,NO,SÍ,NO,MICRO,SÍ,1561514-6,-23.409204,-57.439892,RADIOEMISORAS
1065,3 DE FEBRERO,PROF. CABRAL C/AVDA BERNARDINO CABALLERO,971961297,MUJER,120,NO,SÍ,NO,MICRO,NO,1395004-5,-23.409342,-57.440000,RAMOS GENERALES -Ver: Almacenes Ramos Generales
1066,IT PALAZZO,PRESIDENTE FRANCO  C/ CARLOS A. LOPEZ,0,HOMBRE,2,NO,NO,SÍ,MICRO,NO,4223969-9,-23.407885,-57.450514,JOYERIAS
1067,SAN RAMON,MARCELINO MEDINA ,971554979,HOMBRE,0,NO,SÍ,NO,MICRO,SÍ,4039139-6,-23.403415,-57.440708,BOUTIQUES
1068,NGC CABRAL,MAYOR LORENZO MEDINA C/ PROFESOR CABRAL,240895,HOMBRE,540,NO,SÍ,NO,MICRO,SÍ,1079718-1,-23.408496,-57.438905,IMPRENTAS
1069,GONZALITO ,AVDA BOQUERON Y SCREIBERT,240427,HOMBRE,0,NO,SÍ,NO,MICRO,NO,0,-23.402903,-57.437553,BARES Y COPETINES
1070,TORRIN MANIA,CORONEL PANCHITO LOPEZ ,971836163,MUJER,360,NO,NO,SÍ,MICRO,SÍ,0,-23.413477,-57.440686,HELADERIAS
1071,AUTOSERVICE ADORKAT,MAYOR LORENZO MEDINA C/PROFESOR CABRAL,241011,HOMBRE,156,SÍ,NO,NO,MICRO,SÍ,2229596-8,-23.407668,-57.440429,HOTELES
1072,MBURUKUJA CENTRO DE COMPRAS,BERNARDINO CABALLERO CASI AVDA ,331240997,MUJER,36,NO,SÍ,NO,MICRO,SÍ,5630013-1,-23.409677,-57.440622,BARES Y COPETINES
1073,8 DE DICIEMBRE,MAYOR LORENZO MEDINA C/INT. SCREIBERT,972501769,MUJER,180,NO,SÍ,NO,MICRO,SÍ,0,-23.408516,-57.439442,AUTOMOTORES - Compra-Ventas
1074,LAURI BAZAR,MAYOR LORENZO MEDINA C/INT SCREIBERT,242983,HOMBRE,432,NO,SÍ,NO,MICRO,SÍ,619950-0,-23.408515,-57.439528,ELECTROMECANICAS - Talleres
1075,ÁREA TOP MULTIMARCAS,MAYOR LORENZO MEDINA C/ SCREIBERT,971821802,HOMBRE,96,NO,SÍ,NO,MICRO,SÍ,3857677-5,-23.408732,-57.440407,BOUTIQUES
1076,PAISANO,MAYOR LORENZO MEDINA C/ INT. SCREIBERT,241952,MUJER,360,NO,SÍ,NO,MICRO,SÍ,0,-23.408476,-57.439013,DESPENSAS
1077,CHACOMER SAECA,MAYOR LORENZO MEDINA C/ SCREIBERT,331242173,ORGANIZACION,36,SÍ,SÍ,NO,MICRO,NO,8001374244-2,-23.408437,-57.442360,RECEPCIONES - Servicios para
1078,TODO POR 20.000,BERNARDINO CABALLERO C/SCREIBERT,982720486,MUJER,4,NO,SÍ,NO,MICRO,SÍ,0,-23.409352,-57.439957,SERVICIOS DE COMIDA
1079,LORENZO COMERCIAL,INT. SCREIBERT C/AVDA BERNARDINO CABALLERO,976822522,MUJER,36,NO,SÍ,NO,MICRO,SÍ,1873624-6,-23.408437,-57.439120,CARNICERIAS
1080,COMEDOR ÑA SELVA,CNEL PANCHITO LOPEZ C/PROFESOR CABRAL,240579,HOMBRE,12,NO,NO,SÍ,MICRO,SÍ,539523-2,-23.409263,-57.438927,PESCADERIAS
1081,ANDRES AUTOPIEZAS,BERNARDINO CABALLERO ,331240071,HOMBRE,180,NO,SÍ,NO,MICRO,SÍ,476707-1,-23.409303,-57.440300,PESCADERIAS
1082,LUICHI REPUESTOS ,BERNARDINO CABALLERO CASI SCREIBERT,242759,HOMBRE,168,SÍ,SÍ,NO,MICRO,SÍ,2198124-8,-23.409106,-57.440064,AFRECHOS
1083,RELOJERÍA Y JOYERÍA RAMOS ,MAYOR LORENZO MEDINA C/ SCREIBERT ,0,HOMBRE,5,NO,SÍ,NO,,NO,0,-23.408751,-57.440643,HARINA DE TRIGO - Distribucion
1084,RADIO CONCEPCION SRL,SCREIBERT Y PROF GUILLERMO CABRAL,331242254,HOMBRE,636,NO,NO,SÍ,PEQUEÑA,SÍ,80004238-9,-23.413300,-57.439334,CARNICERIAS
1085,PLASTIFER COMERCIAL,BERNARDINO CABALLERO CASI SCREIBERT,975842850,HOMBRE,156,NO,SÍ,NO,MICRO,SÍ,4990038-2,-23.409007,-57.439764,DESPENSAS
1086,NOVEDADES ARAMI,MAYOR LORENZO MEDINA C/ SCREIBERT,973634062,MUJER,132,NO,SÍ,NO,MICRO,SÍ,2864634-7,-23.408712,-57.440450,ELECTRODOMESTICOS
1087,AGROVETERINARIA KOETI,BERNARDINO CABALLERO CASI SCREIBERT,241442,HOMBRE,84,NO,SÍ,NO,MICRO,SÍ,2211317-7,-23.409224,-57.439892,RAMOS GENERALES -Ver: Almacenes Ramos Generales
1088,GUGU COMUNICACIONES,BERNARDINO CABALLERO CASI SCREIBERT,331241113,HOMBRE,24,NO,NO,NO,,,3584543-0,-23.408997,-57.440085,AUTOMOTORES - Auto Flex
1089,COMERCIAL SERVIN 2,MAYOR LORENZO MEDINA CASI SCREIBERT,971724250,HOMBRE,48,NO,SÍ,NO,MICRO,SÍ,1978043-5,-23.408397,-57.440815,MOTOCICLETAS - Repuestos y Accesorios
1090,SINAÍ,MAYOR LORENZO MEDINA C/ SCREIBERT,973651833,HOMBRE,4,NO,SÍ,NO,MICRO,NO,0,-23.408594,-57.440515,COOPERATIVAS
1091,TODO POR 20 MIL,MAYOR LORENZO MEDINA ENTRE AVENIDA PINEDO Y SCREIBERT,992225180,ORGANIZACION,3,SÍ,SÍ,NO,MICRO,SÍ,526793-5,-23.408436,-57.440579,ABOGADOS
1092,ONI SOUND CAR,MAYOR LORENZO MEDINA CASI SCREIBERT,0,HOMBRE,1,NO,SÍ,NO,MICRO,SÍ,0,-23.408810,-57.438841,TOPOGRAFIA
1093,LIBRERIA CULTURA ,AVENIDA PINEDO Y MAYOR LORENZO MEDINA ,242575,MUJER,600,NO,SÍ,NO,MICRO,SÍ,582592-0,-23.409066,-57.441115,ANALISIS CLINICOS - Laboratorios