"Post ID",Survey,"Post Status","Created (UTC)","Updated (UTC)","Post Date (UTC)","Contact ID",Contact,"Data Source ID",Source,"Unstructured Description","Título de la necesidad","Ubicación aproximada.lat","Ubicación aproximada.lon",Descripción,"Categorías relacionadas","Forma de contacto (preferible email)",¿Resuelta?,"Título de la necesidad","Unicación aproximada.lat","Unicación aproximada.lon",Descripción,"Categorías relacionadas","Forma de contacto (preferible email)",¿Resuelta?,"Título del ofrecimiento","Ubicación aproximada.lat","Ubicación aproximada.lon","Descripción de la ayuda","Categorías relacionadas","Forma de contacto (preferible email)",Título,Descripción,"Ubicación aproximada.lat","Ubicación aproximada.lon","Categorías relacionadas","Forma de contacto con el centro"
,,,,,,,,,,,,,,,,,,,,,,,,,,,,,,,,,,,,
3,Ofrecimiento,published,"2020-03-18 14:30:24","2020-03-20 14:32:14","2020-03-18 14:27:47",,,,,,,,,,,,,,,,,,,,"Realizar la compra a personas que no pueden salir de casa",40.428143,-3.668711,"Mi mujer y yo podemos hacer trayectos cortos por el área de Manuel Becerra y aprovechar una salida al supermercado para añadir items a la lista de la compra","Alimentación,Higiene",diacritica@gmail.com,,,,,,
9,"Necesidad propia",published,"2020-03-19 08:54:21","2020-03-20 14:26:01","2020-03-19 08:50:36",,,,,,"RECOGIDA DE MASCARILLAS",41.647583,-0.907611,"La consejeria de Salud del Gobierno de Aragón ha habilitado un punto de recogida de material médico (mascarillas, guantes,...) en la recepción de la Consejería. En via Universitas / Esquinas del Psiquiátrico.","Higiene,Salud",Saludpublica@aragon.es,No,,,,,,,,,,,,,,,,,,,
11,"Necesidad propia",published,"2020-03-19 10:37:01","2020-03-19 11:33:43","2020-03-19 10:34:33",,,,,,"Necesito una mascarilla para una persona enferma",40.420044,-3.698376,"Soy una persona mayor con dificultad respiratoria y me vendria muy bien una mascarilla. Puedes avisarme por mail y depositarla en mi buzón.",Higiene,personayorjoseangel@gmail.com,No,,,,,,,,,,,,,,,,,,,
12,"Necesidad propia",published,"2020-03-19 10:48:05","2020-03-19 10:54:31","2020-03-19 10:46:29",,,,,,"Necesito medicamento de la farmacia.",40.416705,-3.703582,"Necesito un medicamento de la farmacia, soy una persona mayor y no me recomiendan salir. Puedes avisarme y te diria cómo dejarlo en el buzón, gracias!",,personayorjoseangel@gmail.com,No,,,,,,,,,,,,,,,,,,,
14,"Necesidad propia",published,"2020-03-20 06:17:14","2020-03-20 06:45:54","2020-03-20 06:14:03",,,,,,"RECOGIDA DE MASCARILLAS HECHAS EN CASA",41.656818,-0.880382,"Puedes realizar mascarillas de tela o impresas en 3D y hacérnoslas llegar a la Dirección General de Gobierno Abierno del Gobierno de Aragón en Plaza del Pilar 3. Nos ocupamos de distribuirlas a los colectivos que puedan serles de utilidad. Teléfono CENTRALITA donaciones 689229937 // gobiernoabierto@aragon.es",,Aragonparticipa@aragon.es,No,,,,,,,,,,,,,,,,,,,
16,Ofrecimiento,published,"2020-03-20 09:50:11","2020-03-20 10:06:57","2020-03-20 09:44:03",,,,,,,,,,,,,,,,,,,,"Cadena de favores del Bajo Aragón Histórico",41.050254,-0.132957,"Cadena de favores para vecindario necesitado del Bajo Aragón
https://actua.frenalacurva.net/t/cadena-de-favores-en-el-bajo-aragon/2059","Alimentación,Higiene,Atención/Cuidados,Acompañamiento en la calle,Acogida,Salud,Maker (Impresión 3D / Mascarillas),Ayuda Psicológica,Otros",,,,,,,
17,"Necesidad propia",published,"2020-03-20 10:00:16","2020-03-20 10:03:02","2020-03-20 09:57:39",,,,,,"Buscamos personas con máquina de coser para confección de Mascarillas",37.38863,-5.99534,"Personas con máquina de coser que se comprometan a hacer mascarillas. Podemos aportarles material y recoger las mascarillas confeccionadas. Más info: 

https://actua.frenalacurva.net/t/confeccion-de-mascarillas-sevilla/2103","Maker (Impresión 3D / Mascarillas)",voluntarios.coronavirus@fpclaudiogaleno.es,No,,,,,,,,,,,,,,,,,,,
18,"Necesidad propia",published,"2020-03-20 10:01:35","2020-03-20 10:03:19","2020-03-20 10:00:31",,,,,,"Buscamos personas con máquina de coser para elaborar mascarillas",39.469901,-0.375951,"Personas con máquina de coser que se comprometan a hacer mascarillas. Podemos aportarles material y recoger las mascarillas confeccionadas. Más info: 

https://actua.frenalacurva.net/t/confeccion-de-mascarillas-sevilla/2103","Maker (Impresión 3D / Mascarillas)",voluntarios.coronavirus@fpclaudiogaleno.es,No,,,,,,,,,,,,,,,,,,,
19,"Necesidad propia",published,"2020-03-20 10:02:17","2020-03-20 10:03:14","2020-03-20 10:01:44",,,,,,"Buscamos personas con máquina de coser para elaborar mascarillas",40.416705,-3.703582,"Personas con máquina de coser que se comprometan a hacer mascarillas. Podemos aportarles material y recoger las mascarillas confeccionadas. Más info: 

https://actua.frenalacurva.net/t/confeccion-de-mascarillas-sevilla/2103","Maker (Impresión 3D / Mascarillas)",voluntarios.coronavirus@fpclaudiogaleno.es,No,,,,,,,,,,,,,,,,,,,
20,"Necesidad propia",published,"2020-03-20 10:02:39","2020-03-20 10:12:00","2020-03-20 10:02:20",,,,,,"Buscamos personas con máquina de coser para elaborar mascarillas",37.992379,-1.130543,"Personas con máquina de coser que se comprometan a hacer mascarillas. Podemos aportarles material y recoger las mascarillas confeccionadas. Más info: 

https://actua.frenalacurva.net/t/confeccion-de-mascarillas-sevilla/2103","Maker (Impresión 3D / Mascarillas)",voluntarios.coronavirus@fpclaudiogaleno.es,No,,,,,,,,,,,,,,,,,,,
21,"Necesidad propia",published,"2020-03-20 10:09:16","2020-03-20 10:15:03","2020-03-20 10:07:57",,,,,,"Voluntarios para alimentar a colonias felinas autorizadas en valencia",39.472033,-0.385084,"Hola soy alimentadora autorizada de una colonia felina en Valencia capital. Podemos crear una red de voluntariado para alimentar a los gatos de lxs cuidadores que por razón de su edad avanzada no puedan salir en estos días de cuarentena.

Mas info:

https://actua.frenalacurva.net/t/voluntarixs-alimentar-colonias-felinas-en-valencia/1308",Otros,https://actua.frenalacurva.net/t/voluntarixs-alimentar-colonias-felinas-en-valencia/1308,No,,,,,,,,,,,,,,,,,,,
22,"Servicio público disponible",published,"2020-03-20 10:12:04","2020-03-20 10:15:38","2020-03-20 10:00:04",,,,,,,,,,,,,,,,,,,,,,,,,,"Reparto de la compra de alimentos en Soria","Empresa Social que se encarga de la compra de alimentos en Soria",41.764409,-2.478795,Alimentación,info@laexclusiva.org
23,Ofrecimiento,published,"2020-03-20 10:19:50","2020-03-20 10:20:34","2020-03-20 10:18:42",,,,,,,,,,,,,,,,,,,,"Te ayudamos en entrenar en casa",37.409133,-4.486013,"Hola,

como ya sabes, debido a la situación excepcional que estamos viviendo, todas las instalaciones deportivas está cerradas.

Desde el SDMlucena queremos que sigas teniendo la oportunidad de mantenerte en forma, por eso los  entrenadores deportivos, te confeccionarán un programa de entrenamiento para que realices en casa.

Sólo tienes que rellenar este sencillo formulario y en 24-48 horas tendrás tu entrenamiento. Te lo enviaremos desde la cuenta de correo electrónico entrenaencasa.blue@gmail.com (revisa tu carpeta de spam)

Mucho ánimo. Entre tod@s seguro que conseguimos vencer a la pandemia.

https://actua.frenalacurva.net/t/entrenamientos-a-la-carta-lucena/1698",Salud,,,,,,,
24,Ofrecimiento,published,"2020-03-20 10:24:42","2020-03-20 10:24:55","2020-03-20 10:23:32",,,,,,,,,,,,,,,,,,,,"Asesoramiento Psicológico Gratuito",40.416705,-3.703582,"Mi nombre es Susana y soy Psicóloga General Sanitaria, colegiada en Madrid y especialista en el manejo emocional (Terapia Focalizada en la Emoción). Tengo experiencia en tratar temas de ansiedad, depresión y conflictos interpersonales, entre otros. Éstas son realidades que pueden aparecer por primera vez, reactivarse o intensificarse debido a la situación actual.

Por ello, como ciudadana y psicóloga, deseo y me siento en la responsabilidad de colaborar desde la psicología:

¿Cómo?

Contacto vía e-mail:
Podrás expresarte, plantear tus necesidades y resolver dudas y recibirás respuesta a ello para ayudarte y asesorarte para manejar la situación.

Podrá valorarse el contacto por Skype o telefónico si la situación lo requiere y en la medida de las posibilidades.

*El asesoramiento psicológico se realizará siempre bajo secreto profesional, en el marco ético, respetando la confidencialidad de los datos y el derecho a la privacidad.

¿A quiénes va dirigido?

Cualquier persona que quiera o necesite asesoramiento en el manejo de la situación actual desde una perspectiva psicológica.
No es necesario que el asesoramiento se haga únicamente sobre las consecuencias directas del Coronavirus. Se entiende que la situación del Coronavirus y las consecuencias derivadas, pueden traer consigo un mayor riesgo de salud mental y de malestar.
Algunos ejemplos: *conflictos familiares y/o de pareja en la cuarentena en casa, intensificación del estado de ánimo deprimido tras el aislamiento y pérdida de actividades, soledad y miedo al abandono… *

CONTACTO:

Susanasfpsicologia@gmail.com

Escríbeme cuando quieras y trataré de darte la respuesta más ajustada e individualizada posible.

https://actua.frenalacurva.net/t/asesoramiento-psicologico-gratuito-para-el-manejo-de-la-situacion-actual/263","Ayuda Psicológica",,,,,,,
27,"Servicio público disponible",published,"2020-03-20 10:30:16","2020-03-20 10:32:15","2020-03-20 10:25:03",,,,,,,,,,,,,,,,,,,,,,,,,,"Corona Madrid. Aplicación de autoevaluación del coronavirus.","Evalúa tu salud si sientes que tienes síntomas y recibe instrucciones y recomendaciones sobre el COVID-19 https://www.coronamadrid.com/",40.416486,-3.702971,Salud,contacto@coronamadrid.com
30,Ofrecimiento,published,"2020-03-20 10:30:59","2020-03-20 10:32:19","2020-03-20 10:28:20",,,,,,,,,,,,,,,,,,,,"Ofrecemos terapia psicologica gratuita",40.410734,-3.699455,"Corio Psicología ofrece terapia online gratuita para personas aisladas en cuarentena por el coronavirus.

Esta ayuda está pensada para personas sin recursos económicos aislada, y no pretende sustituir la terapia psicológica a medio o largo plazo por otros motivos. Una forma de apoyo en este momento excepcional.

https://corio.es/2020/03/13/ofrecemos-terapia-psicologica-online-gratis-para-las-personas-aisladas-en-cuarentena-por-el-coronavirus/","Ayuda Psicológica",,,,,,,
31,"Servicio público disponible",published,"2020-03-20 10:57:30","2020-03-20 11:07:38","2020-03-20 10:42:34",,,,,,,,,,,,,,,,,,,,,,,,,,"Cabify lleva un médico","Cabify dispone de un servicio de vehículo para sanitarios en sus desplazamientos a domicilios de personas que lo necesitan
https://actua.frenalacurva.net/t/cabify-lleva-un-medico/2085",40.524832,-3.771563,Atención/Cuidados,
32,"Servicio público disponible",published,"2020-03-20 11:01:42","2020-03-20 12:24:29","2020-03-20 10:58:22",,,,,,,,,,,,,,,,,,,,,,,,,,"Teléfonos de emergencia consular","Si eres español y te encuentras en el extranjero tiene usted una emergencia en el exterior (o conoce a alguna persona que se encuentra en dicha situación) y quiere informarse de como regresar a España y necesita asistencia puede contactarnos durante las 24 horas
https://actua.frenalacurva.net/t/telefonos-de-emergencia-consular/2011",40.470458,-3.670505,Otros,"913 79 97 00"
33,"Servicio público disponible",published,"2020-03-20 11:08:49","2020-03-20 11:15:37","2020-03-20 11:06:43",,,,,,,,,,,,,,,,,,,,,,,,,,"Zaragoza Ayuda","Aplicación para facilitar la ayuda para la ciudadanía de Zaragoza
https://actua.frenalacurva.net/t/zaragoza-ayuda-zaragoza/2061",41.655811,-0.876606,Atención/Cuidados,
34,"Servicio público disponible",published,"2020-03-20 11:15:00","2020-03-20 12:34:23","2020-03-20 11:12:58",,,,,,,,,,,,,,,,,,,,,,,,,,"Servicio de Voluntariado en Huesca","Fundación Cruz Blanca busca #voluntariado contra el #Coronavirus.
Mediante atención telefónica en el #CentrodeEscucha
Realizando servicio a domicilio
Apoyando a personas #sinhogar
https://actua.frenalacurva.net/t/voluntariado-en-huesca-con-fundacion-cruz-blanca/1875",42.128005,-0.403125,Atención/Cuidados,voluntariado-aragon@cruzblanca.org
35,"Servicio público disponible",published,"2020-03-20 11:15:32","2020-03-20 11:19:22","2020-03-20 11:06:55",,,,,,,,,,,,,,,,,,,,,,,,,,"Médicos frente al COVID_descongestionar el servicio sanitario",https://www.medicosfrentealcovid.org/,37.374596,-5.995614,"Atención/Cuidados,Salud","soporte@dkvservicios.com   93 009 89 61"
36,"Necesidad propia",published,"2020-03-20 11:19:29","2020-03-20 11:26:17","2020-03-20 11:14:19",,,,,,"cartas  de esperanza",41.650341,-0.877756,"enviar cartas y dibujos de apoyo y solidaridad para que no se sientan solos en la residencia de María de Huerva (Zaragoza)",Otros,hablaconturesi@gmail.com,No,,,,,,,,,,,,,,,,,,,
37,"Servicio público disponible",published,"2020-03-20 11:20:07","2020-03-20 14:30:02","2020-03-20 11:17:08",,,,,,,,,,,,,,,,,,,,,,,,,,"Galicia. Organizaciones de apoyo","Listado de organizaciones de Galicia para ayudas
https://actua.frenalacurva.net/t/galicia-grupos-digitales-y-contactos-de-organizacion-de-apoyo/1431",42.874492,-8.554539,Otros,
38,Ofrecimiento,published,"2020-03-20 11:29:34","2020-03-20 11:29:44","2020-03-20 11:25:36",,,,,,,,,,,,,,,,,,,,"Docentes ofrecen material",43.371209,-8.395877,https://docenteseducacontraelcoronavirus.wordpress.com/,Otros,,,,,,,
39,"Servicio público disponible",published,"2020-03-20 11:38:53","2020-03-20 12:00:52","2020-03-20 11:24:41",,,,,,,,,,,,,,,,,,,,,,,,,,"Escuela Activa Fundación Piquer","El programa Escuela Activa, es un proyecto de innovación educativa desarrollado por Fundación Piquer y apoyado por Dirección General de Familias del Gobierno de Aragón , facilita herramientas y recursos (de modo gratuito) con el objetivo de mejorar y alcanzar el éxito educativo de los menores , a través del trabajo con sus familias .
https://actua.frenalacurva.net/t/escuela-activa-de-la-fundacion-piquer-aragon/1582",41.64316,-0.892652,Otros,info@grupopiquer.com
40,Ofrecimiento,published,"2020-03-20 11:40:06","2020-03-20 12:01:23","2020-03-20 11:33:20",,,,,,,,,,,,,,,,,,,,"Y tú, ¿qué sabes hacer? AYÚDA A LA ECONOMÍA DE ESPAÑA",40.416716,-3.703473,"Portal para poder ayudar a la gente a encontrar los mejores profesionales de todo tipo. ¿Te apuntas? https://actua.frenalacurva.net/t/y-tu-que-sabes-hacer/2242","Alimentación,Higiene,Atención/Cuidados,Acompañamiento en la calle,Acogida,Salud,Maker (Impresión 3D / Mascarillas),Ayuda Psicológica,Otros",,,,,,,
42,"Servicio público disponible",published,"2020-03-20 11:51:50","2020-03-20 12:02:28","2020-03-20 11:43:51",,,,,,,,,,,,,,,,,,,,,,,,,,"Recursos educativos en línea INTEF","Desde el INTEF, unidad del Ministerio de Educación y Formación Profesional, se ha diseñado este sitio web “Recursos para el aprendizaje en línea” , con el objetivo de ofrecer al profesorado, a las familias y al alumnado información sobre diferentes tipos de recursos (materiales, cursos de formación, plataformas, herramientas, etc.) que están a su disposición para ser utlizados en línea.
https://actua.frenalacurva.net/t/recursos-educativos-en-linea-intef/410",40.452939,-3.660604,Otros,"910 837 937"
43,Ofrecimiento,published,"2020-03-20 12:00:11","2020-03-20 12:04:27","2020-03-20 11:58:04",,,,,,,,,,,,,,,,,,,,"Mayores LGTBI. Videoatención especializada.",40.410147,-3.703437,"La Fundación 26 de Diciembre es una entidad especializada en la atención psicosocial a personas mayores LGTBI. Con la situación actual de aislamiento social, se potencia la soledad no deseada, especialmente dentro de la comunidad de mayores LGTBI. Te agradecemos que nos comuniques si conoces a una persona mayor LGTBI que pueda necesitar atención. Somos un equipo profesional de trabajadores sociales, educadores, psicólogos, especializados en la comunidad LGTBI. También disponemos de un grupo de voluntariado. Da igual en qué lugar del territorio español se encuentre, llámanos si conoces a alguien que requiera nuestra atención.

910028417","Atención/Cuidados,Acompañamiento en la calle,Acogida,Salud,Ayuda Psicológica",,,,,,,
51,"Necesidad propia",published,"2020-03-20 12:18:36","2020-03-20 12:19:05","2020-03-20 12:17:15",,,,,,"Necesitamos makers imprimiendo Pantallas 3D",41.683707,-0.886294,"Si tienes una impresora 3D, puedes colaborar fabricando pantallas de protección muy útiles para el personal sanitario. Se trata de una protección muy básica, pero muy efectiva.

El grupo Aramakers3D (CV_19_FAB Aragón) ha creado un modelo práctico y efectivo que se puede enviar al Gobiero de Aragón paar distribuir en los lugares que sea más necesario.
Puedes contactar con este grupo a través del correo coronamakersaragon@gmail.com

mas info
https://actua.frenalacurva.net/t/pantallas-3d-instrucciones-de-produccion-y-enttrga-en-aragon/2280","Maker (Impresión 3D / Mascarillas)",coronamakersaragon@gmail.com,No,,,,,,,,,,,,,,,,,,,
52,"Servicio público disponible",published,"2020-03-20 12:22:31","2020-03-20 13:03:39","2020-03-20 12:06:23",,,,,,,,,,,,,,,,,,,,,,,,,,"Telas para mascarillas para la cárcel de Zuera","La plataforma Enlazados se mueve para conseguir tela de algodón para hacer mascarillas, para todas las personas internas en la cárcel de Zuera.",41.865909,-0.788638,Atención/Cuidados,info@caritas-zaragoza.es
54,Ofrecimiento,published,"2020-03-20 12:28:17","2020-03-20 13:06:34","2020-03-20 12:04:46",,,,,,,,,,,,,,,,,,,,"Equipo de creadores de mascarillas con impresora 3D",41.652134,-0.880943,"Equipo de makers de mascarillas con impresora 3D, puedes colaborar y buscar toda la info de contacto aquí: https://actua.frenalacurva.net/t/pantallas-3d-instrucciones-de-produccion-y-enttrga-en-aragon/2280","Maker (Impresión 3D / Mascarillas)",,,,,,,
56,Ofrecimiento,published,"2020-03-20 12:28:39","2020-03-20 13:10:04","2020-03-20 12:18:02",,,,,,,,,,,,,,,,,,,,"Voluntariado para familias monoparentales en Zaragoza",41.644118,-0.860193,"AMASOL, Asociación de Madres Solas de Aragón. Voluntariado para familias monoparentales (solas al cuidado de menores o apoyo a las familias que no pueden dejarlos solos). Contacto: voluntariado@amasol.es","Alimentación,Higiene,Atención/Cuidados,Acogida,Salud,Ayuda Psicológica",voluntariado@amasol.es,,,,,,
57,Ofrecimiento,published,"2020-03-20 12:28:52","2020-03-20 13:11:11","2020-03-20 12:26:15",,,,,,,,,,,,,,,,,,,,"Taxistas se ofrecen al traslado gratuito de sanitarios",40.387572,-3.660281,"Taxistas solidarios trasladan de forma gratuita a los sanitarios a sus domicilios
Más info 
https://actua.frenalacurva.net/t/taxistas-solidarios-trasladan-de-forma-gratuita-a-los-sanitarios-a-sus-domicilios/1523

Diferentes asociaciones.",,http://www.gremial-taximadrid.com/,,,,,,
60,"Servicio público disponible",archived,"2020-03-20 13:16:14","2020-03-20 16:21:14","2020-03-20 13:12:29",,,,,,,,,,,,,,,,,,,,,,,,,,"Pantallas 3D Instrucciones de producción y entrega en Aragón","El grupo Aramakers3D (CV_19_FAB Aragón) ha creado un modelo práctico y efectivo que se puede enviar al Gobiero de Aragón paar distribuir en los lugares que sea más necesario.
https://actua.frenalacurva.net/t/pantallas-3d-instrucciones-de-produccion-y-enttrga-en-aragon/2280",41.378729,-0.763937,"Maker (Impresión 3D / Mascarillas)",coronamakersaragon@gmail.com
61,Ofrecimiento,published,"2020-03-20 13:18:44","2020-03-20 13:27:04","2020-03-20 13:15:48",,,,,,,,,,,,,,,,,,,,"Fabricación de mascarillas en casa para personal de riesgo",41.647276,1.140912,"Campaña para fabricar, desde casa, mascarillas para personal de riesgo.",Salud,lasolltarrega@gmail.com,,,,,,
62,"Servicio público disponible",published,"2020-03-20 13:24:07","2020-03-20 14:18:09","2020-03-20 13:20:35",,,,,,,,,,,,,,,,,,,,,,,,,,"Conexión de voluntariado para el cuidado de pequeños","Poner en contacto a voluntariado con familias que tengan la necesidad de encontrar a personas que puedan cuidar de sus hijos/as tras los cierres de los colegios en Zaragoza
https://actua.frenalacurva.net/t/asociacion-aldeha-conexion-de-voluntariado-para-cuidado-de-peques-zaragoza/100",41.652134,-0.880943,,info@aldeha.es
63,Ofrecimiento,published,"2020-03-20 13:28:10","2020-03-20 14:31:05","2020-03-20 13:24:06",,,,,,,,,,,,,,,,,,,,"Cuentos online todos los días a las 12.00",41.652134,-0.880943,"Cuentos para peques todos los días a las 12 en 
https://actua.frenalacurva.net/t/ilogica-os-invita-al-aeropuerto-de-los-cuentos-todos-los-dias-a-las-12-00/1843",Otros,ilogica@hotmail.com,,,,,,
64,Ofrecimiento,published,"2020-03-20 13:28:41","2020-03-20 14:31:14","2020-03-20 08:50:42",,,,,,,,,,,,,,,,,,,,"Voluntariado en Huesca con Fundación Cruz Blanca",42.126747,-0.422974,"La Fundación Cruz Blanca realiza servicios a domicilio, apoya a personas sin hogar #sinhogar buscaca#voluntariado contra el #Coronavirus y atiende telefónicamente en el #CentrodeEscucha
Para más información https://actua.frenalacurva.net/t/voluntariado-en-huesca-con-fundacion-cruz-blanca/1875 o escribe a: voluntariado-aragon@cruzblanca.org
Web: https://fundacioncruzblanca.org/ 4",Atención/Cuidados,voluntariado-aragon@cruzblanca.org,,,,,,
65,Ofrecimiento,published,"2020-03-20 13:29:52","2020-03-20 14:41:19","2020-03-20 13:27:33",,,,,,,,,,,,,,,,,,,,"Mayores LGTBI. Videoatención especializada",40.410147,-3.703437,"La Fundación 26 de Diciembre es una entidad especializada en la atención psicosocial a personas mayores LGTBI. Con la situación actual de aislamiento social, se potencia la soledad no deseada, especialmente dentro de la comunidad de mayores LGTBI. Somos un equipo profesional de trabajadores sociales, educadores, psicólogos, especializados en la comunidad LGTBI. También disponemos de un grupo de voluntariado. Da igual en qué lugar del territorio español se encuentre, llámanos si conoces a alguien que requiera nuestra atención","Ayuda Psicológica",info@fundacion26d.org,,,,,,
66,"Necesidad con intermediación",archived,"2020-03-20 13:34:08","2020-03-21 05:02:48","2020-03-20 13:31:19",,,,,,,,,,,,,"medicación para mascotas",41.541478,-1.054688,"necesitamos gente que pueda ir al veterinario a por medicación para mascota y llevarla a domicilio de persona mayor",Otros,www.actua.frenalacurva.net,No,,,,,,,,,,,,
67,Ofrecimiento,published,"2020-03-20 13:36:35","2020-03-20 14:32:06","2020-03-20 08:59:12",,,,,,,,,,,,,,,,,,,,"Grupo de apoyo vecinal en Fraga",41.507549,0.348408,"Un grupo vecinos/as de Fraga se han organizado para ayudar a personas que puedan necesitar que alguien les haga la compra, apoyo social (llamadas teléfono), pasear perros …Para más información https://actua.frenalacurva.net/t/fraga-grupo-de-apoyo/1440 Contacto: grupoapoyofraga@gmail.com",Atención/Cuidados,grupoapoyofraga@gmail.com,,,,,,
68,"Necesidad con intermediación",published,"2020-03-20 13:38:07","2020-03-20 17:07:23","2020-03-20 13:38:07",,,,,,,,,,,,,"Ayuda para todas las personas que por cualquier circunstancia no puedan salir de casa",39.457034,-0.460917,"Un grupo de voluntarios, vinculados a Alaquàs Debat, prestamos ayuda en colaboración con el Ayuntamiento de Alaquàs","Alimentación,Higiene,Atención/Cuidados,Salud","680288770 / 656368048",No,,,,,,,,,,,,
69,"Servicio público disponible",published,"2020-03-20 13:40:44","2020-03-20 14:31:24","2020-03-20 13:34:51",,,,,,,,,,,,,,,,,,,,,,,,,,"Servicio de Voluntariado en Huesca","Fundación Cruz Blanca busca #voluntariado contra el #Coronavirus. Mediante atención telefónica en el #CentrodeEscucha Realizando servicio a domicilio Apoyando a personas #sinhogar https://actua.frenalacurva.net/t/voluntariado-en-huesca-con-fundacion-cruz-blanca/1875",41.522708,0.347121,Atención/Cuidados,voluntariado-aragon@cruzblanca.org
70,Ofrecimiento,published,"2020-03-20 13:45:08","2020-03-20 14:32:28","2020-03-20 09:08:24",,,,,,,,,,,,,,,,,,,,"La ONG Voluntariado en Geriatría lanza programa de apoyo a mayores en domicilio",41.648288,-0.981045,"La ONG Voluntariado en Geriatría tiene en marcha un programa de apoyo a mayores en domicilio en tareas instrumentales (ir a la compra, a la farmacia, etc. Para más información: https://actua.frenalacurva.net/t/quieres-ayudar-a-mayores-fragiles-en-situacion-de-riesgo/90 y en su Web: www.voluntariadoengeriatria.org
Contacto:  avgeriatria@hotmail.com",Atención/Cuidados,avgeriatria@hotmail.com,,,,,,
71,"Servicio público disponible",published,"2020-03-20 13:46:39","2020-03-20 17:06:51","2020-03-20 13:46:39",,,,,,,,,,,,,,,,,,,,,,,,,,"Teléfono amigo (961111822)","El Ayuntamiento de Torrent habilita un servicio en línea para atender a aquellas personas que viven solas y tengan la necesidad de conversar",39.43675,-0.465857,,
72,"Servicio público disponible",published,"2020-03-20 13:50:26","2020-03-20 14:19:39","2020-03-20 13:47:13",,,,,,,,,,,,,,,,,,,,,,,,,,"Red Comunitaria para atención alimentaria","Red comunitaria e interbarrial para intervenir en toda esta problemática, dando un paso en la garantía de los derechos laborales y de la seguridad alimentaria de todas nuestras vecinas, en condiciones de salud.
https://actua.frenalacurva.net/t/3-rede-comunitaria-para-a-atencion-alimentaria-a-coruna/2068",43.371209,-8.395877,Alimentación,diegomestizo@gmail.com
73,"Servicio público disponible",published,"2020-03-20 13:57:35","2020-03-20 14:20:08","2020-03-20 13:55:11",,,,,,,,,,,,,,,,,,,,,,,,,,Ajude(M)ollerussa,"El Ayuntamiento de Mollerussa ha activado un servicio para asistir a las personas vulnerables, ya sean personas mayores o colectivos de riesgo, afectadas por las medidas adoptadas por la Generalitat con el objetivo de prevenir la expansión del coronavirus. La voluntad es coordinar la ayuda que este colectivo pueda necesitar y hacer las derivaciones a los servicios adecuados, siempre aplicando los protocolos vigentes para evitar riesgos de contagio. Por ello, se pone a disposición de las personas que lo necesiten un teléfono directo, el 676 289 571.",41.629741,0.894121,"Atención/Cuidados,Salud",ajuntament@mollerussa.cat
74,"Servicio público disponible",published,"2020-03-20 14:02:35","2020-03-20 14:32:52","2020-03-20 09:26:12",,,,,,,,,,,,,,,,,,,,,,,,,,"Proyecto Facilitamos ( recursos educativos) Departamento de Educación de  Aragón","El Departamento de Educación del Gobierno de Aragón dispone de este espacio virtual http://facilitamos.catedu.es donde la comunidad educativa puede localizar, clasificar , compartir recursos educativos. Está dividido por niveles y materias según el currículo aragonés.",41.623655,-0.849209,Otros,correoeduca.aragon.es/
75,"Servicio público disponible",published,"2020-03-20 14:08:27","2020-03-20 14:17:38","2020-03-20 14:03:30",,,,,,,,,,,,,,,,,,,,,,,,,,"¿Y ahora qué hago en casa? Plan Integral Barrio Oliver","Generar una serie de actividades y consejos para las personas en tiempo de coronavirus
https://actua.frenalacurva.net/t/y-que-hago-en-casa-iniciativas-de-ocio-del-barrio-oliver-zaragoza/1946",41.652134,-0.880943,Otros,noticias@barriooliver.com
76,"Servicio público disponible",published,"2020-03-20 14:10:27","2020-03-20 14:50:20","2020-03-20 14:07:04",,,,,,,,,,,,,,,,,,,,,,,,,,"Comarca Cinco Villas, Servicio de Apoyo a las personas mayores y otros colectivos vulnerables","Servicio especial para el apoyo emocional y psicosocial de las personas que viven solas durante la crisis del coronavirus, con la ayuda de voluntarios se está haciendo posible la llegada de alimentos, sobre todo frescos y básicos, a hogares de personas mayores

Para acceder a estos servicios o solventar cualquier duda se puede llamar a enviar un email a las siguientes direcciones:. 

Servicio Social de la Comarca de las Cinco Villas. Teléfono fijo y móvil: 976 677 559 y 649 763 002; email: accionsocial@comarcacincovillas.es 

Zona Sos del Rey Católico: 948 888 331 y 695 220 286; mjmalon@comarcacincovillas.es",42.496783,-1.215534,Atención/Cuidados,"948 888 331 y 695 220 286; mjmalon@comarcacincovillas.es"
77,"Servicio público disponible",published,"2020-03-20 14:14:24","2020-03-20 14:17:19","2020-03-20 14:11:16",,,,,,,,,,,,,,,,,,,,,,,,,,"Comarca Cinco Villas, Servicio de Apoyo a las personas mayores y otros colectivos vulnerables","Servicio especial para el apoyo emocional y psicosocial de las personas que viven solas durante la crisis del coronavirus, con la ayuda de voluntarios se está haciendo posible la llegada de alimentos, sobre todo frescos y básicos, a hogares de personas mayores

Para acceder a estos servicios o solventar cualquier duda se puede llamar a enviar un email a las siguientes direcciones:. 

Servicio Social de la Comarca de las Cinco Villas. Teléfono fijo y móvil: 976 677 559 y 649 763 002; email: accionsocial@comarcacincovillas.es 

Zona Sádaba: 976675037; ssbsadaba@comarcacincovillas.es",42.282199,-1.271431,Atención/Cuidados,"976675037; ssbsadaba@comarcacincovillas.es"
78,"Servicio público disponible",published,"2020-03-20 14:17:25","2020-03-20 14:31:19","2020-03-20 14:14:59",,,,,,,,,,,,,,,,,,,,,,,,,,"Comarca Cinco Villas, Servicio de Apoyo a las personas mayores y otros colectivos vulnerables","Servicio especial para el apoyo emocional y psicosocial de las personas que viven solas durante la crisis del coronavirus, con la ayuda de voluntarios se está haciendo posible la llegada de alimentos, sobre todo frescos y básicos, a hogares de personas mayores

Para acceder a estos servicios o solventar cualquier duda se puede llamar a enviar un email a las siguientes direcciones:. 

Servicio Social de la Comarca de las Cinco Villas. Teléfono fijo y móvil: 976 677 559 y 649 763 002; email: accionsocial@comarcacincovillas.es 

Zona Luna: 976 689 479; ssbluna@comarcacincovillas.es",42.166743,-0.930748,Atención/Cuidados,"976 689 479; ssbluna@comarcacincovillas.es"
79,"Servicio público disponible",published,"2020-03-20 14:18:36","2020-03-20 17:05:32","2020-03-20 14:13:23",,,,,,,,,,,,,,,,,,,,,,,,,,"Te ayudamos a cuidarte 647761999","El Ayuntamiento de Silla pone a disposición de gente mayor y dependientes un servicio de compra de alimentos y/o medicamentos y te los lleva a casa",39.363205,-0.411262,"Alimentación,Salud",647761999
82,"Servicio público disponible",published,"2020-03-20 14:26:20","2020-03-20 14:36:03","2020-03-20 14:15:47",,,,,,,,,,,,,,,,,,,,,,,,,,"""Mejores prácticas para gestionar equipos de personas ante el Coronavirus""","""Mejores prácticas para gestionar equipos de personas ante el Coronavirus""
https://ecosh.org/",40.459587,-3.682637,Otros,mashumano@ideas4us
83,"Servicio público disponible",published,"2020-03-20 14:30:19","2020-03-20 14:33:58","2020-03-20 14:27:59",,,,,,,,,,,,,,,,,,,,,,,,,,"Centro Mujer 24 horas - Generalitat Valenciana","Recibirás una atención directa gratuita en el ámbito social, psicológico y jurídico, por parte de profesionales, durante las 24 horas del día los 365 días del año.ç
- Acogida y escucha puntual y permanente.
- Información sobre tus derechos y sobre los recursos existentes para afrontar tu situación.",39.469901,-0.375951,"Atención/Cuidados,Acogida,Ayuda Psicológica",900580888
84,"Servicio público disponible",published,"2020-03-20 14:32:47","2020-03-21 05:02:04","2020-03-20 14:29:46",,,,,,,,,,,,,,,,,,,,,,,,,,"Recomendaciones a los sectores de Hostelería frente al Covid-19",https://www.heinekenespana.es/recomendaciones-para-los-negocios-de-hosteleria/,40.524832,-3.771563,Otros,pilar.hermida@heineken.es
86,"Servicio público disponible",published,"2020-03-20 14:39:40","2020-03-21 05:01:59","2020-03-20 14:36:57",,,,,,,,,,,,,,,,,,,,,,,,,,"Servicio Telefónico para combatir la soledad de las personas mayores",https://www.alares.es/campana-gratuita-cuidado-mayores-coronavirus/#.XnTU6IhKjIV,40.524832,-3.771563,Atención/Cuidados,info@alares.es
87,"Servicio público disponible",published,"2020-03-20 14:40:45","2020-03-20 16:21:03","2020-03-20 14:39:51",,,,,,,,,,,,,,,,,,,,,,,,,,"Servicio Telefónico para combatir la soledad de las personas mayores",https://www.alares.es/campana-gratuita-cuidado-mayores-coronavirus/#.XnTVwohKjIW,41.382894,2.177432,Atención/Cuidados,info@alares.es
88,"Servicio público disponible",published,"2020-03-20 14:48:20","2020-03-20 15:51:56","2020-03-20 14:43:37",,,,,,,,,,,,,,,,,,,,,,,,,,"Servicio para llevar alimentos a las familias más necesitadas","Square Ventures lleva alimentos a las familias más necesitadas
https://squareventures.es/una-iniciativa-de-square-ventures-lleva-alimentos-a-las-familias-mas-afectadas-por-el-coronavirus/",40.416705,-3.703582,Atención/Cuidados,hola@squareventures.es
89,"Servicio público disponible",published,"2020-03-20 14:49:58","2020-03-20 14:50:06","2020-03-20 14:48:43",,,,,,,,,,,,,,,,,,,,,,,,,,"Comarca Cinco Villas, Servicio de Apoyo a las personas mayores y otros colectivos vulnerables","Servicio especial para el apoyo emocional y psicosocial de las personas que viven solas durante la crisis del coronavirus, con la ayuda de voluntarios se está haciendo posible la llegada de alimentos, sobre todo frescos y básicos, a hogares de personas mayores

Para acceder a estos servicios o solventar cualquier duda se puede llamar a enviar un email a las siguientes direcciones:. 

Servicio Social de la Comarca de las Cinco Villas. Teléfono fijo y móvil: 976 677 559 y 649 763 002; email: accionsocial@comarcacincovillas.es 

Zona Tauste: 976 859 144; ssbtauste@comarcacincovillas.es",41.920319,-1.254725,Atención/Cuidados,"976 859 144; ssbtauste@comarcacincovillas.es"
90,"Servicio público disponible",published,"2020-03-20 14:51:49","2020-03-20 14:51:56","2020-03-20 14:50:27",,,,,,,,,,,,,,,,,,,,,,,,,,"Comarca Cinco Villas, Servicio de Apoyo a las personas mayores y otros colectivos vulnerables","Servicio especial para el apoyo emocional y psicosocial de las personas que viven solas durante la crisis del coronavirus, con la ayuda de voluntarios se está haciendo posible la llegada de alimentos, sobre todo frescos y básicos, a hogares de personas mayores

Para acceder a estos servicios o solventar cualquier duda se puede llamar a enviar un email a las siguientes direcciones:. 

Servicio Social de la Comarca de las Cinco Villas. Teléfono fijo y móvil: 976 677 559 y 649 763 002; email: accionsocial@comarcacincovillas.es 

Zona Ejea de los Caballeros: 976 677 933; administracion@elviraotal.es",42.124877,-1.140754,Atención/Cuidados,"976 677 933; administracion@elviraotal.es"
91,"Servicio público disponible",published,"2020-03-20 14:53:36","2020-03-20 15:51:44","2020-03-20 14:51:42",,,,,,,,,,,,,,,,,,,,,,,,,,"Geles hidroalcohólicos para personal sanitario (Cantabria Labs)",https://www.cantabrialabs.es/comunicacion/cantabria-labs-se-pone-en-marcha-para-fabricar-unidades-de-geles-hidroalcoholicos-higienizantes-para-el-personal-sanitario/,40.416705,-3.703582,Salud,hola@cantabrialabs.es
95,Ofrecimiento,published,"2020-03-20 15:12:26","2020-03-20 15:51:23","2020-03-20 15:09:01",,,,,,,,,,,,,,,,,,,,"Red de cuidados en  Moratalaz (Madrid)",40.405521,-3.640173,"Si  eres vecino/a de Moratalaz y necesitas ayuda durante el confinamiento ponte en contacto con esta red","Alimentación,Atención/Cuidados,Salud,Otros","redcuidadosmoratalaz@gmail.com 640096248",,,,,,
97,Ofrecimiento,published,"2020-03-20 15:13:57","2020-03-20 16:20:57","2020-03-20 15:02:47",,,,,,,,,,,,,,,,,,,,"La Escalera, una herramienta para facilitar el encuentro y el apoyo mutuo entre vecinas y vecinos de una misma comunidad",40.410237,-3.700483,"Propicia la ayuda e intercambio en comunidades de vecinos (papeles en la portería o el ascensor, por ejemplo, para ayudar con compras de gente mayor, etc) http://www.proyectolaescalera.org/","Alimentación,Higiene,Atención/Cuidados,Acompañamiento en la calle,Acogida,Salud,Ayuda Psicológica","contacto@proyectolaescalera.org / 644 71 91 41",,,,,,
101,Ofrecimiento,published,"2020-03-20 15:17:41","2020-03-21 04:37:38","2020-03-20 15:14:12",,,,,,,,,,,,,,,,,,,,"Red vecinal de  cuidados y apoyo en Prosperidad (Madrid)",40.447314,-3.673553,"Si vives en el barrio de Prosperidad de Madrid y  necesitas ayuda para compras, cuidar peques, paseos mascotas... ponte en contacto con prospe@nodo50.org","Alimentación,Higiene,Atención/Cuidados,Acompañamiento en la calle,Acogida,Salud,Maker (Impresión 3D / Mascarillas),Ayuda Psicológica,Otros",915627079,,,,,,
106,"Servicio público disponible",published,"2020-03-20 15:21:57","2020-03-20 15:50:36","2020-03-20 15:21:19",,,,,,,,,,,,,,,,,,,,,,,,,,"Lola Market. Tu compra a domiclio",https://lolamarket.com/es/es/,36.721303,-4.421637,Alimentación,tech@lolamarket.com
107,Ofrecimiento,published,"2020-03-20 15:23:07","2020-03-20 15:23:16","2020-03-20 15:20:59",,,,,,,,,,,,,,,,,,,,"RED DE SOLIDARIDAD SEGOVIA",40.950216,-4.124149,"Red de solidaridad y ayuda para Segovia. Puedes contactar con ellos a través de redsolidariasegovia@gmail.com","Alimentación,Higiene,Atención/Cuidados,Acompañamiento en la calle",redsolidariasegovia@gmail.com,,,,,,
108,Ofrecimiento,published,"2020-03-20 15:24:41","2020-03-20 15:24:47","2020-03-20 15:23:22",,,,,,,,,,,,,,,,,,,,"RED APOYO MUTUO SEVILLA CENTRO Y MACARENA",37.403633,-5.982005,"Red de apoyo vecinal para necesidaes en Sevilla Centro y Macarena

ramuca2020@gmail.com","Alimentación,Higiene,Atención/Cuidados,Acompañamiento en la calle",ramuca2020@gmail.com,,,,,,
109,"Necesidad con intermediación",published,"2020-03-20 15:26:59","2020-03-20 17:59:57","2020-03-20 15:24:58",,,,,,,,,,,,,"GRUPO DE TELEGRAM PARA APOYO MUTUO",43.390865,-5.661561,"Grupo de apoyo mutuo Pobla de Sieru, necesitarán tener instalado instagram
https://t.me/joinchat/AN01ZxxGl_p8kIJVsy7Vew","Alimentación,Higiene,Atención/Cuidados,Acompañamiento en la calle",https://t.me/joinchat/AN01ZxxGl_p8kIJVsy7Vew,No,,,,,,,,,,,,
110,Ofrecimiento,published,"2020-03-20 15:28:16","2020-03-20 15:28:23","2020-03-20 15:19:28",,,,,,,,,,,,,,,,,,,,"Grupo de apoyo vecinal Tetuán",40.45754,-3.699643,"Apoyo Vecinal","Alimentación,Higiene,Atención/Cuidados,Maker (Impresión 3D / Mascarillas),Ayuda Psicológica","celiajise@gmail.com tel: 635073195, 679211506, 608571070",,,,,,
111,Ofrecimiento,published,"2020-03-20 15:31:16","2020-03-20 15:31:34","2020-03-20 15:28:27",,,,,,,,,,,,,,,,,,,,"Cuidados Usera/Villaverde",40.383755,-3.706384,"Apoyo Vecinal","Alimentación,Higiene,Atención/Cuidados,Ayuda Psicológica",https://chat.whatsapp.com/JFplJzUSLDP6Kce1gAuqL7,,,,,,
112,Ofrecimiento,published,"2020-03-20 15:31:30","2020-03-20 15:31:43","2020-03-20 15:28:45",,,,,,,,,,,,,,,,,,,,"Grupo de apoyo mutuo PART ALTA",41.166466,1.246977,"Grupo de apoyo mutuo Part Alta Tarragona el link es para acceder al grupo de whatsapp","Alimentación,Higiene,Atención/Cuidados,Ayuda Psicológica",https://chat.whatsapp.com/B6v3yfrQmRsAoH2ysnPf2e,,,,,,
113,Ofrecimiento,published,"2020-03-20 15:32:35","2020-03-20 15:32:44","2020-03-20 15:31:46",,,,,,,,,,,,,,,,,,,,"Grup de suport veïnal Serrallo",41.110001,1.240825,"grupo de apoyo mutuo -> whatsapp https://chat.whatsapp.com/D7HUoF6os78Czdik3MDPhc","Alimentación,Higiene,Atención/Cuidados,Acompañamiento en la calle,Ayuda Psicológica",https://chat.whatsapp.com/D7HUoF6os78Czdik3MDPhc,,,,,,
114,Ofrecimiento,published,"2020-03-20 15:33:33","2020-03-20 15:46:42","2020-03-20 15:32:49",,,,,,,,,,,,,,,,,,,,"GRUPO DE APOYO MUTUO TARRAGONA CENTRE",41.117236,1.254606,"Grupo de apoyo mutuo Tarragona Centre 

whatsapp https://chat.whatsapp.com/FC2u6rYMzTBHbiQFGxDZiS","Alimentación,Higiene,Atención/Cuidados,Acompañamiento en la calle,Ayuda Psicológica",https://chat.whatsapp.com/FC2u6rYMzTBHbiQFGxDZiS,,,,,,
115,Ofrecimiento,published,"2020-03-20 15:33:55","2020-03-20 15:34:02","2020-03-20 15:32:13",,,,,,,,,,,,,,,,,,,,"Cuidados Vicálvaro",40.405523,-3.608408,"Apoyo vecinal","Alimentación,Higiene,Atención/Cuidados,Ayuda Psicológica",https://chat.whatsapp.com/JvHaNbwBeCv0ym253zmF1h,,,,,,
116,Ofrecimiento,published,"2020-03-20 15:34:29","2020-03-20 15:46:44","2020-03-20 15:33:41",,,,,,,,,,,,,,,,,,,,"grupo de apoyo mutuo Llevant",41.117236,1.254606,"grupo de apoyo mutuo -> whatsapp https://chat.whatsapp.com/GUskamqtY8fJ5340FgAFi9","Alimentación,Higiene,Atención/Cuidados,Acompañamiento en la calle,Ayuda Psicológica,Otros",https://chat.whatsapp.com/GUskamqtY8fJ5340FgAFi9,,,,,,
117,Ofrecimiento,published,"2020-03-20 15:35:16","2020-03-20 15:46:47","2020-03-20 15:34:40",,,,,,,,,,,,,,,,,,,,"Grup de suport veïnal Torreforta",41.119071,1.215533,"grupo de apoyo mutuo https://chat.whatsapp.com/Keg1OQ9iRwWFxWn2L0twnB","Alimentación,Higiene,Atención/Cuidados,Acompañamiento en la calle,Acogida,Otros",https://chat.whatsapp.com/Keg1OQ9iRwWFxWn2L0twnB,,,,,,
118,Ofrecimiento,published,"2020-03-20 15:35:50","2020-03-20 15:45:55","2020-03-20 15:35:24",,,,,,,,,,,,,,,,,,,,"RED CUIDADOS LA LAGUNA",28.485771,-16.315942,"RED DE CUIDADOS LA LAGUNA 
https://chat.whatsapp.com/EtAQee0vPT5BCpyVBnvlxV
reddecuidadoslalaguna@gmail.com
tel: 620 070
tel: 735658 857 070
tel: 659 523 307",,reddecuidadoslalaguna@gmail.com,,,,,,
119,Ofrecimiento,published,"2020-03-20 15:36:29","2020-03-20 15:45:53","2020-03-20 15:35:57",,,,,,,,,,,,,,,,,,,,"Grup de suport veïnal Terrassa",41.562989,2.010244,"Grup de suport veïnal Terrassa

https://chat.whatsapp.com/EGWyOGH9K8X4tXVsAeTcqk
xarxasuportmututrs@gmail.com","Alimentación,Higiene,Atención/Cuidados,Acompañamiento en la calle,Otros",xarxasuportmututrs@gmail.com,,,,,,
120,Ofrecimiento,published,"2020-03-20 15:36:40","2020-03-20 15:36:47","2020-03-20 15:35:05",,,,,,,,,,,,,,,,,,,,"Cuidados Villa de Vallekas",40.383951,-3.655014,"Apoyo Vecinal","Alimentación,Higiene,Atención/Cuidados,Ayuda Psicológica",https://chat.whatsapp.com/EpbKj2s6jS90aahN3dW6PE,,,,,,
121,Ofrecimiento,published,"2020-03-20 15:36:42","2020-03-20 15:49:58","2020-03-20 08:43:51",,,,,,,,,,,,,,,,,,,,"GAM Agrado Orzán GRUPO APOYO MUTUO",43.377105,-8.369651,https://chat.whatsapp.com/LRw0T10ME1V6a1YIKib7tS,"Alimentación,Higiene,Otros",ies.agra.orzan@edu.xunta.es,,,,,,
122,Ofrecimiento,published,"2020-03-20 15:37:16","2020-03-20 15:45:48","2020-03-20 15:36:40",,,,,,,,,,,,,,,,,,,,"RED SOLIDARIA LADEZARZA",40.465309,-3.716958,"https://twitter.com/redsolidariavz/
redsolidariavz@gmail.com
https://instagram.com/red_solidaria_valdezarza
tel: 601 306 533","Alimentación,Higiene,Atención/Cuidados,Acompañamiento en la calle,Acogida",redsolidariavz@gmail.com,,,,,,
123,Ofrecimiento,published,"2020-03-20 15:37:54","2020-03-20 15:45:46","2020-03-20 15:37:20",,,,,,,,,,,,,,,,,,,,"Xarxa de suport mutu de Benimaclet",39.486544,-0.356002,">València\Benimaclet
✊Xarxa de suport mutu de Benimaclet
benimacletxarxacures@gmail.com","Alimentación,Higiene,Atención/Cuidados,Acompañamiento en la calle,Acogida,Ayuda Psicológica","✊Xarxa de suport mutu de Benimaclet benimacletxarxacures@gmail.com",,,,,,
124,Ofrecimiento,published,"2020-03-20 15:38:31","2020-03-20 15:45:43","2020-03-20 15:37:59",,,,,,,,,,,,,,,,,,,,"Xarxa Suport Mutu Cabanyal",39.470154,-0.332355,">València\Cabanyal
✊Xarxa Suport Mutu Cabanyal
https://t.me/SuportMutuCabanyal
https://twitter.com/EspaiCabanyal
suportmutucabanyal@gmail.com","Alimentación,Higiene,Atención/Cuidados,Acompañamiento en la calle,Acogida,Salud,Otros",suportmutucabanyal@gmail.com,,,,,,
125,Ofrecimiento,published,"2020-03-20 15:39:01","2020-03-20 15:45:41","2020-03-20 15:38:35",,,,,,,,,,,,,,,,,,,,"Grup de suport veïnal Catarroja",39.403375,-0.402876,">València\Catarroja
✊Grup de suport veïnal Catarroja
https://chat.whatsapp.com/CFYlQUg1iN58VfTu8kHO5g
labacorafeminista@gmail.com","Alimentación,Higiene,Atención/Cuidados,Acompañamiento en la calle,Acogida,Ayuda Psicológica",labacorafeminista@gmail.com,,,,,,
126,Ofrecimiento,published,"2020-03-20 15:39:30","2020-03-20 15:39:38","2020-03-20 15:37:43",,,,,,,,,,,,,,,,,,,,"Red vecinal Villaverde Alto",40.345497,-3.708348,"Apoyo Vecinal","Alimentación,Higiene,Atención/Cuidados,Ayuda Psicológica","https://twitter.com/RedVillaverde1 - Redrecursosvecinalesvillaverde@gmail.com",,,,,,
127,Ofrecimiento,published,"2020-03-20 15:40:05","2020-03-20 15:49:38","2020-03-20 08:56:56",,,,,,,,,,,,,,,,,,,,"Grupo de Apoyo Mutuo GAM Agra do Orzán",43.355141,-8.375144,"Whatsapp
https://chat.whatsapp.com/LRw0T10ME1V6a1YIKib7tS","Alimentación,Higiene,Atención/Cuidados,Otros","Whatsapp https://chat.whatsapp.com/LRw0T10ME1V6a1YIKib7tS",,,,,,
128,Ofrecimiento,published,"2020-03-20 15:40:16","2020-03-20 15:45:37","2020-03-20 15:39:10",,,,,,,,,,,,,,,,,,,,"Apoyo mutuo Rondilla",41.66234,-4.722287,"*Valladolid
Valladolid\Rondilla
Apoyo mutuo Rondilla
https://twitter.com/ApoyomutuoRondi
redsolidariavalladolid@riseup.net","Alimentación,Higiene,Atención/Cuidados,Acompañamiento en la calle,Otros",redsolidariavalladolid@riseup.net,,,,,,
129,Ofrecimiento,published,"2020-03-20 15:40:52","2020-03-20 15:45:33","2020-03-20 15:40:23",,,,,,,,,,,,,,,,,,,,"Xarxa Solidària Vic",41.930202,2.254594,">Vic\
Xarxa Solidària Vic
https://twitter.com/covic2020
voluntariavic@gmail.com
tel: +34 633 42 91 93
tel: +34 645 64 06 78","Alimentación,Higiene,Atención/Cuidados,Acompañamiento en la calle,Ayuda Psicológica,Otros",voluntariavic@gmail.com,,,,,,
130,Ofrecimiento,published,"2020-03-20 15:41:32","2020-03-20 15:45:31","2020-03-20 15:40:59",,,,,,,,,,,,,,,,,,,,"Suport Mutu Vila-real",39.937262,-0.100446,"rED DE SOPORTE MUTUO VILA-REAL

https://t.me/CanalSuportMutuVilareal
suportmutuvilareal@gmail.com
https://www.instagram.com/suportmutu.vilareal/
tel: 635 169 123","Alimentación,Higiene,Atención/Cuidados,Acompañamiento en la calle,Acogida,Ayuda Psicológica,Otros",suportmutuvilareal@gmail.com,,,,,,
131,Ofrecimiento,published,"2020-03-20 15:42:15","2020-03-20 15:53:16","2020-03-20 15:41:39",,,,,,,,,,,,,,,,,,,,"Red de solidaridad Villarrobledo",38.995105,-1.855961,"Red de solidaridad Villarrobledo
https://twitter.com/antifavdo
antifavdo@gmail.com
https://www.instagram.com/antifavdo
tel: 680 73 96 18","Alimentación,Higiene,Atención/Cuidados,Acompañamiento en la calle,Acogida,Salud,Ayuda Psicológica,Otros",antifavdo@gmail.com,,,,,,
132,Ofrecimiento,published,"2020-03-20 15:42:55","2020-03-20 15:45:26","2020-03-20 15:42:21",,,,,,,,,,,,,,,,,,,,"Red de cuidados Popular",42.846509,-2.672403,">Vitoria-Gasteiz\Alde Zaharreko
Red de cuidados Popular
https://twitter.com/AuzoanBizi
tel: 603 321 851","Alimentación,Higiene,Atención/Cuidados,Acompañamiento en la calle,Ayuda Psicológica,Otros","tel: 603 321 851",,,,,,
133,Ofrecimiento,published,"2020-03-20 15:42:57","2020-03-20 15:49:32","2020-03-20 08:59:52",,,,,,,,,,,,,,,,,,,,"Grupo de Ayuda Mutua GAM Catro Camiños",43.357138,-8.40261,"Telegram https://t.me/joinchat/HMHx9hwmcFjOczzVK7WH0w
Whatsapp
https://chat.whatsapp.com/HgnyFCPIDU4If8YCjV9Eeu","Alimentación,Higiene,Salud,Otros","Whatsapp https://chat.whatsapp.com/HgnyFCPIDU4If8YCjV9Eeu",,,,,,
134,Ofrecimiento,published,"2020-03-20 15:43:29","2020-03-20 15:45:22","2020-03-20 15:43:04",,,,,,,,,,,,,,,,,,,,"Zaintza Sare Herritarra",42.846509,-2.672403,">Vitoria-Gasteiz\
Zaintza Sare Herritarra
baterazaindu@gmail.com","Alimentación,Higiene,Atención/Cuidados,Acompañamiento en la calle,Ayuda Psicológica,Otros",baterazaindu@gmail.com,,,,,,
135,Ofrecimiento,published,"2020-03-20 15:44:13","2020-03-20 15:46:52","2020-03-20 15:43:39",,,,,,,,,,,,,,,,,,,,"RED CUIDADOS DELICIAS",41.650408,-0.904891,"Red Cuidados Delicias
redcuidadosdelicias@gmail.com","Alimentación,Higiene,Atención/Cuidados,Acompañamiento en la calle,Acogida,Salud,Ayuda Psicológica,Otros",redcuidadosdelicias@gmail.com,,,,,,
136,Ofrecimiento,published,"2020-03-20 15:44:47","2020-03-20 15:45:48","2020-03-20 15:41:46",,,,,,,,,,,,,,,,,,,,"Suport Mutu Mallorca",39.574469,2.655258,"Apoyo Vecinal","Alimentación,Higiene,Atención/Cuidados,Ayuda Psicológica","https://twitter.com/suport_mutu - suportmutupm@gmail.com",,,,,,
137,Ofrecimiento,published,"2020-03-20 15:44:52","2020-03-20 15:45:09","2020-03-20 15:44:22",,,,,,,,,,,,,,,,,,,,"RED VECINAL ZUMAIA",43.296653,-2.257118,"Torreberri Zumaiako Gaztetxia

rED VECINAL
tel: 688 75 77 74","Alimentación,Higiene,Atención/Cuidados,Acompañamiento en la calle,Ayuda Psicológica,Otros","688 75 77 74",,,,,,
138,Ofrecimiento,published,"2020-03-20 15:45:07","2020-03-20 15:49:25","2020-03-20 09:02:19",,,,,,,,,,,,,,,,,,,,"Grupo de Apoyo Mutuo GAM Cidades Vella",43.353144,-8.449302,"Whatsapp https://chat.whatsapp.com/IeBavIfN0Tj6FHhfJ8eeX4","Alimentación,Higiene,Atención/Cuidados,Acogida,Otros","Whatsapp https://chat.whatsapp.com/IeBavIfN0Tj6FHhfJ8eeX4",,,,,,
139,Ofrecimiento,published,"2020-03-20 15:47:14","2020-03-20 15:49:17","2020-03-20 09:04:13",,,,,,,,,,,,,,,,,,,,"Grupo de Ayuda Mutua GAM Elviña",43.355141,-8.353171,"Telegram https://t.me/Gamelvi
Whatsapp https://chat.whatsapp.com/LFTvd062ymv4pkCIdbnAHV","Alimentación,Higiene,Otros","Telegram https://t.me/Gamelvi Whatsapp https://chat.whatsapp.com/LFTvd062ymv4pkCIdbnAHV",,,,,,
140,Ofrecimiento,published,"2020-03-20 15:49:13","2020-03-20 15:50:23","2020-03-20 09:06:12",,,,,,,,,,,,,,,,,,,,"Grupo de Apoyo Mutuo GAM Labañou-C. Escola",43.371116,-8.408103,"Telegram https://t.me/joinchat/F18kehpGFoPiJIF0w2SkVQ
Whatsapp https://chat.whatsapp.com/JfXawusK0WH6Qz4FgzUiie","Alimentación,Higiene,Otros","Telegram https://t.me/joinchat/F18kehpGFoPiJIF0w2SkVQ Whatsapp https://chat.whatsapp.com/JfXawusK0WH6Qz4FgzUiie",,,,,,
141,Ofrecimiento,published,"2020-03-20 15:50:24","2020-03-20 15:50:38","2020-03-20 15:47:37",,,,,,,,,,,,,,,,,,,,"Xarxa de Suport Mutu Del Moianès",41.812299,2.098432,"Apoyo Vecinal","Alimentación,Higiene,Atención/Cuidados,Ayuda Psicológica","https://t.me/xarxasuportmoianes   -  tel: 672 66 75 45",,,,,,
142,Ofrecimiento,published,"2020-03-20 15:52:28","2020-03-20 17:29:11","2020-03-20 15:42:37",,,,,,,,,,,,,,,,,,,,"¿Quieres ayudar a mayores frágiles en situación de riesgo?",41.630069,-0.886633,"La ONG Voluntariado en Geriatría tiene en marcha un programa de apoyo a mayores en domicilio en tareas instrumentales (ir a la compra, a la farmacia, etc) Si quieres hacer voluntariado puedes ponerte en contacto con ellos a partir del día 18 de marzo.
Web: www.voluntariadoengeriatria.org
Organización: Voluntariado en Geriatría","Alimentación,Otros",avgeriatria@hotmail.com,,,,,,
143,Ofrecimiento,published,"2020-03-20 15:52:47","2020-03-20 15:52:54","2020-03-20 15:51:03",,,,,,,,,,,,,,,,,,,,"Grup de suport veïnal Montcada i Reixac",41.490713,2.154733,"Apoyo Vecinal","Alimentación,Higiene,Atención/Cuidados,Ayuda Psicológica",https://chat.whatsapp.com/CM0PhcJkr6UJVONXRgIOPb,,,,,,
144,Ofrecimiento,published,"2020-03-20 15:53:16","2020-03-20 15:53:38","2020-03-20 09:08:13",,,,,,,,,,,,,,,,,,,,"Grupo de Apoyo Mutuo GAM Mallos e A Gaiteira",43.355141,-8.399863,"Telegram https://t.me/joinchat/HMHx9hwmcFjOczzVK7WH0w
Whatsapp https://chat.whatsapp.com/HgnyFCPIDU4If8YCjV9Eeu","Alimentación,Higiene,Acogida,Otros","Telegram https://t.me/joinchat/HMHx9hwmcFjOczzVK7WH0w Whatsapp https://chat.whatsapp.com/HgnyFCPIDU4If8YCjV9Eeu",,,,,,
145,Ofrecimiento,published,"2020-03-20 15:54:15","2020-03-20 16:20:33","2020-03-20 15:44:05",,,,,,,,,,,,,,,,,,,,"Red de apoyo vecinal https://t.me/eenscuidem https://chat.whatsapp.com/DehxKwuqwd65AKv5IpGMAt https://twitter.com/EEnscuidem",41.388765,2.156597,"Apoyo vecinal","Alimentación,Atención/Cuidados,Ayuda Psicológica",eenscuidem@gmail.com,,,,,,
146,Ofrecimiento,published,"2020-03-20 15:54:27","2020-03-20 15:54:35","2020-03-20 15:53:16",,,,,,,,,,,,,,,,,,,,"Grup de suport veïnal Montmeló",41.551519,2.248081,"Apoyo Vecinal","Alimentación,Higiene,Atención/Cuidados,Ayuda Psicológica",https://chat.whatsapp.com/IkGzHloom2n62PGt2DE5vb,,,,,,
147,Ofrecimiento,published,"2020-03-20 15:55:40","2020-03-20 16:20:23","2020-03-20 09:12:22",,,,,,,,,,,,,,,,,,,,"Grupo de Apoyo Mutuo GAM Agra do Orzán",43.362131,-8.406322,"Whatsapp
https://chat.whatsapp.com/LRw0T10ME1V6a1YIKib7tS","Alimentación,Acogida,Salud","Whatsapp https://chat.whatsapp.com/LRw0T10ME1V6a1YIKib7tS",,,,,,
148,Ofrecimiento,published,"2020-03-20 15:55:49","2020-03-20 16:16:44","2020-03-20 15:55:08",,,,,,,,,,,,,,,,,,,,"Grup de suport veïnal Bordeta / Magraners",41.60304,0.643613,">Lleida\Bordeta / Magraners
Grup de suport veïnal Bordeta / Magraners
https://chat.whatsapp.com/D8lExXwTOfKITSFcrBslKr","Alimentación,Higiene,Atención/Cuidados,Acompañamiento en la calle,Ayuda Psicológica,Otros",https://chat.whatsapp.com/D8lExXwTOfKITSFcrBslKr,,,,,,
149,Ofrecimiento,published,"2020-03-20 15:56:10","2020-03-20 15:56:22","2020-03-20 15:55:06",,,,,,,,,,,,,,,,,,,,"✊Xarxa de Suport Navàs",41.898923,1.876774,"Apoyo Vecinal","Alimentación,Higiene,Atención/Cuidados,Ayuda Psicológica","https://t.me/suportnavas https://twitter.com/suportnavas xarxasuportnavas@gmail.com https://www.instagram.com/suportnavas/",,,,,,
150,Ofrecimiento,published,"2020-03-20 15:56:47","2020-03-20 16:16:44","2020-03-20 15:55:56",,,,,,,,,,,,,,,,,,,,"Grup de suport veïnal Camp d'Esport / Ciutat Jardí",41.626071,0.601693,"Grup de suport veïnal Camp d'Esport / Ciutat Jardí
https://chat.whatsapp.com/CKJQ2u6sjx53BTTCnHoeq8","Alimentación,Higiene,Atención/Cuidados,Acompañamiento en la calle,Ayuda Psicológica,Otros",https://chat.whatsapp.com/CKJQ2u6sjx53BTTCnHoeq8,,,,,,
151,Ofrecimiento,published,"2020-03-20 15:57:18","2020-03-20 16:16:44","2020-03-20 15:56:51",,,,,,,,,,,,,,,,,,,,"Grup de suport veïnal Cappont",41.608721,0.630058,"Grup de suport veïnal Cappont
https://chat.whatsapp.com/KiMweuSRmdP0ARCKz72H7g","Alimentación,Higiene,Atención/Cuidados,Acompañamiento en la calle,Ayuda Psicológica,Otros",https://chat.whatsapp.com/KiMweuSRmdP0ARCKz72H7g,,,,,,
152,Ofrecimiento,published,"2020-03-20 15:57:46","2020-03-20 16:20:18","2020-03-20 09:14:52",,,,,,,,,,,,,,,,,,,,"Grupo de Apoyo Mutuo GAM Cidades Vella",43.363129,-8.391623,https://chat.whatsapp.com/IeBavIfN0Tj6FHhfJ8eeX4,"Alimentación,Higiene,Salud",https://chat.whatsapp.com/IeBavIfN0Tj6FHhfJ8eeX4,,,,,,
153,Ofrecimiento,published,"2020-03-20 15:57:58","2020-03-20 16:16:44","2020-03-20 15:57:28",,,,,,,,,,,,,,,,,,,,"Grup de suport veïnal Centre històric",41.614761,0.626784,"Grup de suport veïnal Centre històric
https://chat.whatsapp.com/IZhZ9pO3n8Q1aNTZ1tr58W","Alimentación,Higiene,Atención/Cuidados,Acompañamiento en la calle,Ayuda Psicológica,Otros",https://chat.whatsapp.com/IZhZ9pO3n8Q1aNTZ1tr58W,,,,,,
154,Ofrecimiento,published,"2020-03-20 15:58:35","2020-03-20 15:59:58","2020-03-20 15:29:44",,,,,,,,,,,,,,,,,,,,"Escuela de la Prosperidad. Red de cuidados para facilitar la vida de los vecin@s durante la crisis de COVID-19. Escuela de la Prosperidad",40.443746,-3.674476,"Cuidado de peques familias sin teletrabajo, Compras básicas, higiene, farmacia, alimentación, paseo de mascotas a personas mayores o en situación de riesgo","Higiene,Salud,Otros",prospe@nodo50.org,,,,,,
155,Ofrecimiento,published,"2020-03-20 15:59:06","2020-03-20 16:16:44","2020-03-20 15:58:05",,,,,,,,,,,,,,,,,,,,"Grup de suport veïnal Horta/Llívia",41.649629,0.640383,">Lleida\Horta/Llívia
Grup de suport veïnal Horta/Llívia
https://chat.whatsapp.com/LadTIDhMUoDA2IAc1NhDp1","Alimentación,Atención/Cuidados,Acompañamiento en la calle,Acogida,Ayuda Psicológica,Otros",https://chat.whatsapp.com/LadTIDhMUoDA2IAc1NhDp1,,,,,,
156,Ofrecimiento,published,"2020-03-20 15:59:25","2020-03-20 16:20:11","2020-03-20 15:54:30",,,,,,,,,,,,,,,,,,,,"Red de apoyo vecinal",41.395925,2.182325,"Apoyo vecinal https://twitter.com/CasaGroga_FP
https://www.instagram.com/lacasagroga_fp/","Alimentación,Higiene,Atención/Cuidados,Ayuda Psicológica",casagroga.fortpienc@gmail.com,,,,,,
157,Ofrecimiento,published,"2020-03-20 15:59:37","2020-03-20 15:59:45","2020-03-20 15:56:57",,,,,,,,,,,,,,,,,,,,"Suport i ajuda a veïnades - Palma\Polígon de Llevant",39.564941,2.667961,"Apoyo Vecinal","Alimentación,Higiene,Atención/Cuidados,Ayuda Psicológica","https://chat.whatsapp.com/Egp654HrmGaC6n8YNFgrZ9 - https://twitter.com/confinadas - confinadas@gmail.com",,,,,,
158,Ofrecimiento,published,"2020-03-20 15:59:48","2020-03-20 16:16:44","2020-03-20 15:59:13",,,,,,,,,,,,,,,,,,,,"Grup de suport veïnal Mariola/Escorxador",41.611883,0.616367,">Lleida\Mariola/Escorxador
Grup de suport veïnal Mariola/Escorxador
https://chat.whatsapp.com/I71DLyRDx27DBx1pcYTabw","Alimentación,Higiene,Atención/Cuidados,Acompañamiento en la calle,Ayuda Psicológica,Otros",https://chat.whatsapp.com/I71DLyRDx27DBx1pcYTabw,,,,,,
159,Ofrecimiento,published,"2020-03-20 16:00:00","2020-03-20 16:20:06","2020-03-20 09:16:50",,,,,,,,,,,,,,,,,,,,"Grupo de Ayuda Mutua GAM Elviña",43.343158,-8.383384,"Debes tener instalado Telegramhttps://t.me/Gamelvi
Whatsapphttps://chat.whatsapp.com/LFTvd062ymv4pkCIdbnAHV","Alimentación,Higiene,Otros","Telegram https://t.me/Gamelvi Whatsapp https://chat.whatsapp.com/LFTvd062ymv4pkCIdbnAHV",,,,,,
160,Ofrecimiento,published,"2020-03-20 16:00:32","2020-03-20 16:16:44","2020-03-20 15:59:53",,,,,,,,,,,,,,,,,,,,"Grup de suport veïnal Secà/Balàfia/Pardinyes",41.706609,0.58663,">Lleida\Secà/Balàfia/Pardinyes
Grup de suport veïnal Secà/Balàfia/Pardinyes
https://chat.whatsapp.com/KbOr6hRv51r20rpTUoRbkG","Alimentación,Higiene,Atención/Cuidados,Acompañamiento en la calle,Ayuda Psicológica,Otros",https://chat.whatsapp.com/KbOr6hRv51r20rpTUoRbkG,,,,,,
161,Ofrecimiento,published,"2020-03-20 16:01:08","2020-03-20 16:16:44","2020-03-20 16:00:39",,,,,,,,,,,,,,,,,,,,"Grup de suport veïnal Zona Alta/Clot",41.619817,0.617654,">Lleida\Zona Alta/Clot
Grup de suport veïnal Zona Alta/Clot
https://chat.whatsapp.com/Bh2DXQvImXaFwPxs7Q5KIv","Alimentación,Higiene,Atención/Cuidados,Acompañamiento en la calle,Otros",https://chat.whatsapp.com/Bh2DXQvImXaFwPxs7Q5KIv,,,,,,
162,Ofrecimiento,published,"2020-03-20 16:01:45","2020-03-20 16:16:44","2020-03-20 16:01:14",,,,,,,,,,,,,,,,,,,,"Rede de Apoio Mutuo Lugo",43.046225,-7.473992,"✊Rede de Apoio Mutuo Lugo
https://chat.whatsapp.com/CTYsYNbtVKb6HsvwYAxTAW
apoiomutuolugo@riseup.net
https://apoiomutuolugo.noblogs.org/
tel: +34698191152","Alimentación,Higiene,Atención/Cuidados,Acompañamiento en la calle,Ayuda Psicológica,Otros",apoiomutuolugo@riseup.net,,,,,,
163,Ofrecimiento,published,"2020-03-20 16:02:08","2020-03-20 16:20:02","2020-03-20 15:59:40",,,,,,,,,,,,,,,,,,,,"Red de apoyo vecinal",41.410171,2.155136,"Red de apoyo vecinal  https://t.me/suportgracia
https://twitter.com/SuportGracia","Alimentación,Higiene,Atención/Cuidados,Ayuda Psicológica",xarxasuportgracia@gmail.com,,,,,,
164,Ofrecimiento,published,"2020-03-20 16:02:18","2020-03-20 16:02:26","2020-03-20 16:00:14",,,,,,,,,,,,,,,,,,,,"Red de cuidados Gora Alde Zaharra - Pamplona",42.819392,-1.641512,"Apoyo Vecinal","Alimentación,Higiene,Atención/Cuidados,Ayuda Psicológica","zaindu.az@gmail.com -  tel: 606 248 124",,,,,,
165,Ofrecimiento,published,"2020-03-20 16:02:41","2020-03-20 16:16:44","2020-03-20 16:01:51",,,,,,,,,,,,,,,,,,,,"Ciudaddanias Solidaria Madrid Carabanchel red de apoyo mutuo",40.381193,-3.737976,"Red de apoyo mutuo
>Madrid\Carabanchel
✊Ciudaddanias Solidaria
tel: 616 798 519
tel: 694 432 417","Alimentación,Higiene,Atención/Cuidados,Acompañamiento en la calle,Ayuda Psicológica,Otros","616 798 519",,,,,,
166,Ofrecimiento,published,"2020-03-20 16:03:19","2020-03-20 16:19:57","2020-03-20 09:19:14",,,,,,,,,,,,,,,,,,,,"Grupo de Apoyo Mutuo GAM Matogrande – Ofimático",43.34915,-8.383384,"Grupo de Whatsapp https://chat.whatsapp.com/EGBmgTTNBr27imCq68mWV1","Alimentación,Higiene,Salud,Otros","Whatsapp https://chat.whatsapp.com/EGBmgTTNBr27imCq68mWV1",,,,,,
167,Ofrecimiento,published,"2020-03-20 16:03:27","2020-03-20 16:16:44","2020-03-20 16:02:51",,,,,,,,,,,,,,,,,,,,"Red de apoyo mutuo",40.417653,-3.707914,">Madrid\Centro
Cuidados Centro
https://chat.whatsapp.com/IsdRi4PfjCU9psizIEbo2v","Alimentación,Higiene,Atención/Cuidados,Acompañamiento en la calle,Ayuda Psicológica,Otros",https://chat.whatsapp.com/IsdRi4PfjCU9psizIEbo2v,,,,,,
168,Ofrecimiento,published,"2020-03-20 16:04:09","2020-03-20 16:19:48","2020-03-20 16:02:20",,,,,,,,,,,,,,,,,,,,"Red de apoyo vecinal",41.382894,2.177432,"Red de apoyo vecinal https://twitter.com/espailatregua","Alimentación,Higiene,Atención/Cuidados,Ayuda Psicológica",info@espailatregua.com,,,,,,
169,Ofrecimiento,published,"2020-03-20 16:04:39","2020-03-20 16:16:44","2020-03-20 16:03:52",,,,,,,,,,,,,,,,,,,,"red apoyo mutuo madrid chamberi",40.436247,-3.70383,"red apoyo mutuo

>Madrid\Chamberí
Cuidados Chamberí
https://chat.whatsapp.com/BCvwEAKQ5lOKd7bTZzswxE","Alimentación,Higiene,Atención/Cuidados,Acompañamiento en la calle,Acogida,Ayuda Psicológica,Otros",https://chat.whatsapp.com/BCvwEAKQ5lOKd7bTZzswxE,,,,,,
170,Ofrecimiento,published,"2020-03-20 16:05:09","2020-03-20 16:05:17","2020-03-20 16:02:55",,,,,,,,,,,,,,,,,,,,"Red de cuidados de Barañáin - Pamplona",42.805603,-1.679945,"Apoyo Vecinal","Alimentación,Higiene,Atención/Cuidados,Ayuda Psicológica","https://twitter.com/SocialBaranain  / barazain2020@gmail.com",,,,,,
171,Ofrecimiento,published,"2020-03-20 16:05:20","2020-03-21 04:45:30","2020-03-20 16:04:50",,,,,,,,,,,,,,,,,,,,"Red de Cuidados en Carabanchel",40.376759,-3.743591,">Madrid\Comillas, Plaza Eliptica, Opañel
✊Red de Cuidados en Carabanchel
https://t.me/joinchat/MpLZ8EqjrCzmCIhenVV0jg
https://chat.whatsapp.com/E7JNPbbPvsI1L9DXQ98g7q
redcuidadoscarabanchel@riseup.net

>Madrid\Concepción-Quintana
Barrio de la Madrid
bancodeltiempolaconce@gmail.com
tel: 615652209","Alimentación,Higiene,Atención/Cuidados,Acompañamiento en la calle,Acogida,Ayuda Psicológica,Otros",bancodeltiempolaconce@gmail.com,,,,,,
172,Ofrecimiento,published,"2020-03-20 16:05:31","2020-03-20 16:19:43","2020-03-20 16:04:22",,,,,,,,,,,,,,,,,,,,"Red de apoyo vecinal",41.42854,2.143597,"Red de apoyo vecinal https://t.me/suporthg","Alimentación,Higiene,Atención/Cuidados,Acompañamiento en la calle,Ayuda Psicológica",lallambordacsoa@gmail.com,,,,,,
173,Ofrecimiento,published,"2020-03-20 16:05:58","2020-03-20 16:16:44","2020-03-20 16:05:25",,,,,,,,,,,,,,,,,,,,"Cuidados Latina red cuidados vecinal",40.388068,-3.786606,">Madrid\Latina
Cuidados Latina
https://chat.whatsapp.com/L4pjnIWIB0HHMKHO7f4Ev3","Alimentación,Higiene,Atención/Cuidados,Acompañamiento en la calle,Acogida,Salud,Ayuda Psicológica,Otros",https://chat.whatsapp.com/L4pjnIWIB0HHMKHO7f4Ev3,,,,,,
174,Ofrecimiento,published,"2020-03-20 16:06:37","2020-03-20 16:16:43","2020-03-20 16:06:07",,,,,,,,,,,,,,,,,,,,"red cuidados vecinales moratalaz",40.405521,-3.640173,">Madrid\Moratalaz
Red de Cuidados de Moratalaz
https://twitter.com/DistritoCatorce
tel: +34 629 89 49 81
tel : +34 636 50 68 45
tel : +34 669 92 28 37
tel : +34 696 16 65 27","Higiene,Atención/Cuidados,Acompañamiento en la calle,Acogida,Salud,Maker (Impresión 3D / Mascarillas),Ayuda Psicológica,Otros","629 89 49 81",,,,,,
175,Ofrecimiento,published,"2020-03-20 16:06:47","2020-03-20 16:19:26","2020-03-20 09:22:19",,,,,,,,,,,,,,,,,,,,"Grupo de Apoyo Mutuo GAM A Coruña Norte",43.369119,-8.388877,"Se necesita conexión Telegram https://t.me/joinchat/AMN4k1egWEcGGglMwzqWfA
Whatsapp https://chat.whatsapp.com/K6kOFBGu5YFLUxUzjHdwxM","Alimentación,Higiene,Otros","Telegram https://t.me/joinchat/AMN4k1egWEcGGglMwzqWfA Whatsapp https://chat.whatsapp.com/K6kOFBGu5YFLUxUzjHdwxM",,,,,,
176,Ofrecimiento,published,"2020-03-20 16:07:09","2020-03-20 16:19:22","2020-03-20 16:06:42",,,,,,,,,,,,,,,,,,,,"Apoyo Mutuo en el Barrio Pacifico - Adelfas",40.401396,-3.674883,"Apoyo Mutuo en el Barrio Pacifico - Adelfas
https://twitter.com/C_Karraka
colectivokarraka@gmail.com
https://www.instagram.com/colectivokarraka/","Alimentación,Higiene,Atención/Cuidados,Acompañamiento en la calle,Ayuda Psicológica,Otros",colectivokarraka@gmail.com,,,,,,
177,Ofrecimiento,published,"2020-03-20 16:07:50","2020-03-20 16:16:44","2020-03-20 16:07:16",,,,,,,,,,,,,,,,,,,,"Red de Cuidados Pilar madrid",40.477133,-3.708916,"Red de Cuidados Pilar
https://twitter.com/LaPiluka_CS
lapiluka8m@gmail.Com
tel cuidado: 610 08 04 53
tel voluntari@: 681 13 89 54","Alimentación,Higiene,Atención/Cuidados,Acompañamiento en la calle,Ayuda Psicológica,Otros",lapiluka8m@gmail.Com,,,,,,
178,Ofrecimiento,published,"2020-03-20 16:08:31","2020-03-21 04:43:30","2020-03-20 16:07:56",,,,,,,,,,,,,,,,,,,,"PROSPERIDAD RED APOYO MUTUO",40.444694,-3.673296,"Red de cuidados Prosperidad
prospe@nodo50.org
tel: 915 62 70 19","Alimentación,Higiene,Atención/Cuidados,Acompañamiento en la calle,Acogida,Ayuda Psicológica,Otros",prospe@nodo50.org,,,,,,
179,Ofrecimiento,published,"2020-03-20 16:09:10","2020-03-20 16:09:17","2020-03-20 16:05:46",,,,,,,,,,,,,,,,,,,,"Red de solidaridad Pamplona\Txantrea",42.828709,-1.632156,"Apoyo Vecinal","Alimentación,Higiene,Atención/Cuidados,Ayuda Psicológica","auzozaintzatx@gmail.com - tel: 686 66 97 02",,,,,,
180,Ofrecimiento,published,"2020-03-20 16:09:10","2020-03-20 16:16:43","2020-03-20 16:08:35",,,,,,,,,,,,,,,,,,,,"Grupo de apoyo vecinal Peña Prieta / Pastora Carlota",40.383553,-3.654535,">Madrid\Puente de Vallecas
Grupo de apoyo vecinal Peña Prieta / Pastora Carlota
Av. de Peña Prieta / Pastora Carlota
https://chat.whatsapp.com/CZgq1RymRPJIX9gCOmC6Xy","Alimentación,Higiene,Atención/Cuidados,Acompañamiento en la calle,Acogida,Ayuda Psicológica,Otros",https://chat.whatsapp.com/CZgq1RymRPJIX9gCOmC6Xy,,,,,,
181,Ofrecimiento,published,"2020-03-20 16:09:45","2020-03-20 16:16:43","2020-03-20 16:09:15",,,,,,,,,,,,,,,,,,,,"Grupo de apoyo vecinal Buenos Aires - Palomeras",40.391624,-3.653876,"Grupo de apoyo vecinal Buenos Aires - Palomeras
Buenos Aires - Palomeras
https://chat.whatsapp.com/H60q1rpgXB1LjT9c9pR695","Alimentación,Higiene,Atención/Cuidados,Acompañamiento en la calle,Ayuda Psicológica,Otros",https://chat.whatsapp.com/H60q1rpgXB1LjT9c9pR695,,,,,,
182,Ofrecimiento,published,"2020-03-20 16:10:09","2020-03-20 16:19:16","2020-03-20 09:26:38",,,,,,,,,,,,,,,,,,,,"Grupo de  Apoyo Mutuo GAM Novo Mesoiro – Feáns – Pocomaco",43.355141,-8.408103,"Instalar Telegram https://t.me/apoionovomesoiro","Alimentación,Higiene,Otros","Telegram https://t.me/apoionovomesoiro",,,,,,
183,Ofrecimiento,published,"2020-03-20 16:10:32","2020-03-20 16:19:11","2020-03-20 16:07:16",,,,,,,,,,,,,,,,,,,,"Grup de Suport Mutu Castelló de la Plana",39.986035,-0.037735,"Si vives en Castellón de la Plana y necesitas algún tipo de ayuda ponte en contacto con este grupo que se ha creado para atender necesidades del vecindario estos días","Alimentación,Higiene,Atención/Cuidados,Acompañamiento en la calle,Acogida,Salud,Maker (Impresión 3D / Mascarillas),Ayuda Psicológica,Otros",suportmutucs@gmail.com,,,,,,
184,Ofrecimiento,published,"2020-03-20 16:11:02","2020-03-20 16:16:43","2020-03-20 16:09:53",,,,,,,,,,,,,,,,,,,,"GRUPO DE APOYO VECINAL  Doña Carlota y Peña Prieta",40.398509,-3.668932,"Grupo de apoyo y cuidado ante covid19

Doña Carlota y Peña Prieta
https://chat.whatsapp.com/HYjuhShM24uItnTgQ99o5C","Alimentación,Higiene,Atención/Cuidados,Acompañamiento en la calle,Ayuda Psicológica,Otros",https://chat.whatsapp.com/HYjuhShM24uItnTgQ99o5C,,,,,,
185,Ofrecimiento,published,"2020-03-20 16:11:18","2020-03-20 16:11:27","2020-03-20 16:10:07",,,,,,,,,,,,,,,,,,,,"Grup de suport veïnal Riudoms",41.139091,1.05197,"Apoyo Vecinal","Alimentación,Higiene,Atención/Cuidados,Ayuda Psicológica","tel: 696 327 217 - 696 381 683 - 696 424 760",,,,,,
186,Ofrecimiento,published,"2020-03-20 16:11:36","2020-03-20 16:16:43","2020-03-20 16:11:06",,,,,,,,,,,,,,,,,,,,"Grupo de apoyo vecinal Nueva Numancia",40.395963,-3.664762,"Grupo de apoyo vecinal Nueva Numancia
Nueva Numancia
https://chat.whatsapp.com/ImznaEU4uZEKK3KoRQHPp1","Alimentación,Higiene,Atención/Cuidados,Acompañamiento en la calle,Acogida,Salud,Maker (Impresión 3D / Mascarillas),Ayuda Psicológica,Otros",https://chat.whatsapp.com/ImznaEU4uZEKK3KoRQHPp1,,,,,,
187,Ofrecimiento,published,"2020-03-20 16:11:46","2020-03-20 16:19:05","2020-03-20 09:29:06",,,,,,,,,,,,,,,,,,,,"Grupo de Apoyo Mutuo GAM O Castrillón",43.373112,-8.40261,"Se necesita Whatsapp https://chat.whatsapp.com/KnJ00nKVYxg8kWtEqj4DF7","Alimentación,Higiene,Acogida,Otros","Whatsapp https://chat.whatsapp.com/KnJ00nKVYxg8kWtEqj4DF7",,,,,,
188,Ofrecimiento,published,"2020-03-20 16:12:10","2020-03-20 16:16:43","2020-03-20 16:11:40",,,,,,,,,,,,,,,,,,,,"SAN DIEGO GRUPO APOYO VECINAL",40.389439,-3.667741,"Grupo de apoyo vecinal San Diego
San Diego
https://chat.whatsapp.com/KV0XiqGtPNuLV5iqCQPca4","Alimentación,Higiene,Atención/Cuidados,Acompañamiento en la calle,Ayuda Psicológica,Otros",https://chat.whatsapp.com/KV0XiqGtPNuLV5iqCQPca4,,,,,,
189,Ofrecimiento,published,"2020-03-20 16:12:14","2020-03-20 16:18:58","2020-03-20 16:10:43",,,,,,,,,,,,,,,,,,,,"Red de apoyo vecinal",41.382894,2.177432,"Red de apoyo vecinal https://chat.whatsapp.com/LtO0KcqWKBA4xkUD01op78","Alimentación,Higiene,Atención/Cuidados,Ayuda Psicológica",xarxasuporthorta@gmail.com,,,,,,
190,Ofrecimiento,published,"2020-03-20 16:12:38","2020-03-20 16:20:09","2020-03-20 16:09:46",,,,,,,,,,,,,,,,,,,,#YoMeSerenoEnCasa,41.650408,-0.904891,"Apoyo psicológico vía telefónica a personas que puedan sufrir sintomalogía psiquiátrica o situaciones de estrés, ansiedad o desasosiego por el nuevo escenario que ha propiciado el coronavirus. 
Web: www.asapme.org
Organización: ASAPME (Asociación Aragonesa pro Salud mental)","Ayuda Psicológica",participacion@asapme.org,,,,,,
191,Ofrecimiento,published,"2020-03-20 16:12:51","2020-03-20 16:16:43","2020-03-20 16:12:17",,,,,,,,,,,,,,,,,,,,"GRUPO APOYO VECINAL PUENTE DE VALLECAS",40.383553,-3.654535,"Cuidados Puente de Vallekas
https://chat.whatsapp.com/CZgq1RymRPJIX9gCOmC6Xy","Alimentación,Higiene,Atención/Cuidados,Acompañamiento en la calle,Acogida,Ayuda Psicológica,Otros",https://chat.whatsapp.com/CZgq1RymRPJIX9gCOmC6Xy,,,,,,
192,Ofrecimiento,published,"2020-03-20 16:13:25","2020-03-20 16:18:53","2020-03-20 16:10:59",,,,,,,,,,,,,,,,,,,,"Grup de suport veïnal Castelldefels",41.286102,1.982417,"Si vives en Castelldefels y necesitas algún tipo de ayuda puedes ponerte en contacto con esta red ciudadana de apoyo vecinal","Alimentación,Higiene,Atención/Cuidados,Acompañamiento en la calle,Acogida,Salud,Maker (Impresión 3D / Mascarillas),Ayuda Psicológica,Otros",xarxasuportcastelldefels@gmail.com,,,,,,
193,Ofrecimiento,published,"2020-03-20 16:13:35","2020-03-20 16:16:43","2020-03-20 16:12:56",,,,,,,,,,,,,,,,,,,,"GRPO APOYO VECINAL Madrid\Quintana - Ciudad Lineal",40.448621,-3.654835,"GRUPO DE APOYO VECINAL

Madrid\Quintana - Ciudad Lineal
AV Quintana
https://chat.whatsapp.com/ICdVanyvVY7Fd99tQytohj","Alimentación,Higiene,Atención/Cuidados,Acompañamiento en la calle",https://chat.whatsapp.com/ICdVanyvVY7Fd99tQytohj,,,,,,
194,Ofrecimiento,published,"2020-03-20 16:14:12","2020-03-20 16:16:43","2020-03-20 16:13:40",,,,,,,,,,,,,,,,,,,,"GRUPO APOYO VECINAL SALAMANCA - LA GUINDALERA",40.431527,-3.674726,">Madrid\Salamanca-La Guindalera
Red Cuidados Guindalera
https://chat.whatsapp.com/HoMKoWEOPTEJigl5XcDnOB
tel: 633426520","Alimentación,Higiene,Atención/Cuidados,Acompañamiento en la calle,Acogida,Ayuda Psicológica,Otros","tel: 633426520",,,,,,
195,Ofrecimiento,published,"2020-03-20 16:14:48","2020-03-20 16:18:48","2020-03-20 16:12:26",,,,,,,,,,,,,,,,,,,,"Red de apoyo vecinal",41.342967,2.144967,"Red de ayuda vecinal https://t.me/covid19Lamarina","Alimentación,Higiene,Atención/Cuidados,Ayuda Psicológica",yashira.riu@gmail.com,,,,,,
196,Ofrecimiento,published,"2020-03-20 16:14:52","2020-03-20 16:16:43","2020-03-20 16:14:17",,,,,,,,,,,,,,,,,,,,"GRUPO CUIDADOS VECINOS SAN BLAS",40.4275,-3.615954,"GRUPO APOYO VECINOS

>Madrid\San Blas
Cuidados San Blas
https://chat.whatsapp.com/Cl71mUiO7DcK3fXkvPjGxb","Alimentación,Higiene,Atención/Cuidados,Acompañamiento en la calle,Ayuda Psicológica,Otros",https://chat.whatsapp.com/Cl71mUiO7DcK3fXkvPjGxb,,,,,,
197,Ofrecimiento,published,"2020-03-20 16:15:06","2020-03-20 16:15:14","2020-03-20 08:32:15",,,,,,,,,,,,,,,,,,,,"Grupo de Apoyo Mutuo GAM San Pedro – Rosales",43.365126,-8.427329,"Necesita Telegram https://t.me/joinchat/OAjxDhr6tGyhvx-oKhJrxg
Whatsapp https://chat.whatsapp.com/FflCJbBwPUSI8HPCNajLrU","Alimentación,Higiene,Otros","Telegram https://t.me/joinchat/OAjxDhr6tGyhvx-oKhJrxg Whatsapp https://chat.whatsapp.com/FflCJbBwPUSI8HPCNajLrU",,,,,,
198,Ofrecimiento,published,"2020-03-20 16:15:06","2020-03-20 16:17:31","2020-03-20 16:12:30",,,,,,,,,,,,,,,,,,,,"Asamblea Vecinal de Rivas (Madrid)",40.364382,-3.52607,"Apoyo Vecinal","Alimentación,Higiene,Atención/Cuidados,Ayuda Psicológica","https://twitter.com/VecinalRivas - asambleavecinalderivas@gmail.com - https://www.instagram.com/asambleavecinalderivas/?hl=es - tel: 628 848 408 - 682 895 225 - 609 911 185",,,,,,
199,Ofrecimiento,published,"2020-03-20 16:16:00","2020-03-20 16:18:40","2020-03-20 16:11:51",,,,,,,,,,,,,,,,,,,,LOGISTICA,41.648975,-0.893377,"Varón, 65 años, me ofrezco para recoger o llevar material dentro de Zaragoza con coche propio",Otros,kinojam@yahoo.es,,,,,,
200,Ofrecimiento,published,"2020-03-20 16:16:51","2020-03-20 16:16:58","2020-03-20 16:15:39",,,,,,,,,,,,,,,,,,,,"Red de Apoyo Rubi (Barcelona)",41.493619,2.031948,"Apoyo Vecinal","Alimentación,Higiene,Atención/Cuidados,Ayuda Psicológica",ceeixam@gmail.com,,,,,,
201,Ofrecimiento,published,"2020-03-20 16:17:19","2020-03-20 16:18:04","2020-03-20 16:15:50",,,,,,,,,,,,,,,,,,,,"Red de apoyo vecinal",41.446727,2.172565,"Red de apoyo vecinal https://t.me/xarxasuport3vr
https://twitter.com/xarxasuport3vr/
https://forms.gle/pLZuPu9SKGk7vUog7","Alimentación,Higiene,Atención/Cuidados,Ayuda Psicológica",xarxasuport3vr@gmail.com,,,,,,
202,Ofrecimiento,published,"2020-03-20 16:17:23","2020-03-20 16:17:54","2020-03-20 16:14:16",,,,,,,,,,,,,,,,,,,,"Grup de suport veïnal Castellar del Vallès",41.617399,2.186589,"Si vives en Castellar del Vallès y necesitas algún tipo de ayuda entra en este chat https://chat.whatsapp.com/JMxS81Vef8bBoyUwFCCGIU","Alimentación,Higiene,Atención/Cuidados,Acompañamiento en la calle,Acogida,Salud,Maker (Impresión 3D / Mascarillas),Ayuda Psicológica,Otros",joanpanadesturro98@gmail.com,,,,,,
203,Ofrecimiento,published,"2020-03-20 16:19:18","2020-03-20 16:20:46","2020-03-20 16:17:31",,,,,,,,,,,,,,,,,,,,"Red de apoyo vecinal",41.382894,2.177432,"Red de apoyo vecinal. https://chat.whatsapp.com/G5vIGv1m50L7Z8AMw7P8jQ https://forms.gle/pLZuPu9SKGk7vUog7","Alimentación,Higiene,Atención/Cuidados,Ayuda Psicológica",aavv.porta@gmail.com,,,,,,
204,Ofrecimiento,published,"2020-03-20 16:19:23","2020-03-20 16:20:43","2020-03-20 08:34:05",,,,,,,,,,,,,,,,,,,,"Grupo de Apoyo mutuo Vecinal Alcorcon",40.348637,-3.832967,"Grupo de Whatsapp https://chat.whatsapp.com/IBjfYPqhtojJmNh7RW4nDy","Alimentación,Higiene,Acogida,Otros",swordblaster@gmail.com,,,,,,
205,Ofrecimiento,published,"2020-03-20 16:19:28","2020-03-20 16:19:35","2020-03-20 16:18:40",,,,,,,,,,,,,,,,,,,,"Xarxa de suport Sabadell",41.542101,2.113898,"Apoyo Vecinal","Alimentación,Higiene,Atención/Cuidados,Ayuda Psicológica","https://twitter.com/SuportSabadell - https://www.instagram.com/xarxasuport_sbd/",,,,,,
206,Ofrecimiento,published,"2020-03-20 16:21:14","2020-03-21 09:34:37","2020-03-20 16:19:30",,,,,,,,,,,,,,,,,,,,"Red de apoyo vecinal",41.382894,2.177432,"Red de apoyo vecinal https://t.me/SuportMutuP9
https://twitter.com/MutuP9","Alimentación,Higiene,Atención/Cuidados,Ayuda Psicológica",suportmutup9@gmail.com,,,,,,
207,Ofrecimiento,published,"2020-03-20 16:21:51","2020-03-21 09:34:20","2020-03-20 16:18:16",,,,,,,,,,,,,,,,,,,,"Red Cántabra de Apoyo Mutuo",43.462041,-3.809972,"Si vives en Cantabria y necesitas ayuda puedes ponerte en contacto con la red ciudadana de apoyo mutuo que se ha creado en tu localidad","Alimentación,Higiene,Atención/Cuidados,Acompañamiento en la calle,Ayuda Psicológica",cnsv@cantabrianosevende.org,,,,,,
208,Ofrecimiento,published,"2020-03-20 16:22:19","2020-03-21 09:18:22","2020-03-20 08:38:22",,,,,,,,,,,,,,,,,,,,"Grupo de apoyo Mutuo La Resistencia Alamería",36.842635,-2.46168,"Enlace a através de Facebook https://www.facebook.com/laresistenciaalmeria/","Alimentación,Higiene,Otros",laresistenciaalmeria@gmail.com,,,,,,
209,Ofrecimiento,published,"2020-03-20 16:22:35","2020-03-21 05:00:28","2020-03-20 16:21:27",,,,,,,,,,,,,,,,,,,,"Red de apoyo vecinal",41.382894,2.177432,"Red de apoyo vecinal https://t.me/RavalSuport
https://twitter.com/ravalsuport","Alimentación,Higiene,Atención/Cuidados,Ayuda Psicológica",suportmuturaval@protonmail.com,,,,,,
210,Ofrecimiento,published,"2020-03-20 16:24:02","2020-03-21 05:00:24","2020-03-20 16:23:21",,,,,,,,,,,,,,,,,,,,"Red de apoyo vecinal",41.382894,2.177432,"Red de apoyo vecinal. https://chat.whatsapp.com/CakCRZl2Boc6fdJE5yZBwp
https://twitter.com/SuportSaFa","Alimentación,Higiene,Atención/Cuidados,Ayuda Psicológica",xarxasuportsafa@gmail.com,,,,,,
211,Ofrecimiento,published,"2020-03-20 16:24:58","2020-03-21 05:00:21","2020-03-20 08:41:16",,,,,,,,,,,,,,,,,,,,"Grupo de Apoyo Mutuo AMA  Aranjuez",40.027614,-3.615317,"Acceso a través de Twitter https://twitter.com/AmaApoyo
Instagram https://instagram.com/apoyomutuoaranjuez
Facebook FB: Apoyomutuoaranjuez","Alimentación,Higiene,Acogida,Otros","Twitter https://twitter.com/AmaApoyo Instagram https://instagram.com/apoyomutuoaranjuez Facebook FB: Apoyomutuoaranjuez",,,,,,
212,Ofrecimiento,published,"2020-03-20 16:25:07","2020-03-20 16:25:17","2020-03-20 16:21:58",,,,,,,,,,,,,,,,,,,,"Red solidaria de Garrido (Salamanca)",40.97533,-5.653195,"Apoyo Vecinal","Alimentación,Higiene,Atención/Cuidados,Ayuda Psicológica","tel: 674 87 39 63 - 697 12 25 60",,,,,,
213,Ofrecimiento,published,"2020-03-20 16:25:14","2020-03-21 05:00:17","2020-03-20 16:24:14",,,,,,,,,,,,,,,,,,,,"Red de apoyo vecinal",41.382894,2.177432,"Red de apoyo vecinal https://t.me/suportsantandreu","Alimentación,Higiene,Atención/Cuidados,Ayuda Psicológica",xarxasuportstap@riseup.net,,,,,,
214,Ofrecimiento,published,"2020-03-20 16:26:24","2020-03-21 05:00:14","2020-03-20 16:24:14",,,,,,,,,,,,,,,,,,,,"Red de solidaridad Burgos",42.324714,-3.676539,"Si vives en Burgos y necesitas ayuda estos días, ponte en contacto con esta red ciudadana de apoyo mutuo. Info en https://twitter.com/RedSolidaridad2","Alimentación,Higiene,Atención/Cuidados,Ayuda Psicológica",redsolidaridad@gmail.com,,,,,,
215,Ofrecimiento,published,"2020-03-20 16:27:27","2020-03-20 16:27:36","2020-03-20 16:25:52",,,,,,,,,,,,,,,,,,,,"Xarxa de Suport de Sant Boi",41.348492,2.042919,"Apoyo Vecinal","Alimentación,Higiene,Atención/Cuidados,Ayuda Psicológica","https://t.me/xarxasuportsantboiana - https://twitter.com/XarxaSantBoi - xarxadesuportsantboiana@gmail.com - tel: +34 6 31 73 47 36",,,,,,
216,Ofrecimiento,published,"2020-03-20 16:27:57","2020-03-21 05:00:10","2020-03-20 16:27:00",,,,,,,,,,,,,,,,,,,,"Red de apoyo vecinal",41.382894,2.177432,"Red de apoyo vecinal https://t.me/santantonicovid19
https://twitter.com/SantAntoniCovid","Alimentación,Higiene,Atención/Cuidados,Ayuda Psicológica",santantonicovid19@gmail.com,,,,,,
217,Ofrecimiento,published,"2020-03-20 16:29:56","2020-03-20 16:30:09","2020-03-20 16:28:37",,,,,,,,,,,,,,,,,,,,"Xarxa de Suport Sant Cugat",41.467969,2.078239,"Apoyo Vecinal","Alimentación,Higiene,Atención/Cuidados,Ayuda Psicológica","https://t.me/XarxaSuportSantCugat - https://twitter.com/aplecjove - XarxaSuportStc@gmail.com - tel: 631664015",,,,,,
218,Ofrecimiento,published,"2020-03-20 16:30:05","2020-03-21 05:00:06","2020-03-20 08:43:56",,,,,,,,,,,,,,,,,,,,"Grupo de Apoyo Mutuo Red de Ciudadanos Colectivos Arrasate",43.062366,-2.498907,"Acceso a través de https://twitter.com/M8Arrasate","Alimentación,Higiene,Acogida,Otros",m8arrasate@gmail.com,,,,,,
219,Ofrecimiento,published,"2020-03-20 16:33:16","2020-03-21 05:00:01","2020-03-20 08:49:04",,,,,,,,,,,,,,,,,,,,"Grupo de Apoyo Mutuo Grupu Sofitu Mutuu/Apoyo Mutuo d'Asturies",43.345155,-5.86833,"Acceso a través de https://t.me/grupusofitumutuu","Alimentación,Higiene,Otros",https://t.me/grupusofitumutuu,,,,,,
220,Ofrecimiento,published,"2020-03-20 16:33:30","2020-03-21 04:59:56","2020-03-20 16:29:45",,,,,,,,,,,,,,,,,,,,"Red de ayuda mutua de Briviesca",42.549783,-3.321862,"Si formas parte del vecindario de Briviesca y necesitas algún tipo de ayuda estos días ponte en contacto con esta red solidaria de apoyo mutuo 

https://t.me/joinchat/Cqq91Bw6Xs33P1CcE5pvfA https://chat.whatsapp.com/LYNBxqtQ4gTJFeN0oq2nSE","Alimentación,Higiene,Atención/Cuidados,Salud,Ayuda Psicológica",briviesca@riseup.net,,,,,,
221,Ofrecimiento,published,"2020-03-20 16:36:03","2020-03-20 16:36:13","2020-03-20 16:30:51",,,,,,,,,,,,,,,,,,,,"Xarxa de solidaritat de Sant Feliu de Llobregat",41.381446,2.045793,"Apoyo Vecinal","Alimentación,Higiene,Atención/Cuidados,Ayuda Psicológica","https://t.me/XarxaSanfeliuenca - https://chat.whatsapp.com/LwqIwkg9phF6nve1CJ3r9I",,,,,,
222,Ofrecimiento,published,"2020-03-20 16:37:18","2020-03-21 04:59:51","2020-03-20 08:52:19",,,,,,,,,,,,,,,,,,,,"Grupo de Apoyo Mutuo Xarxa Solidària Badalona",41.448388,2.257487,"Se necesita tener Telegram https://t.me/XarxaSolidariaBDN
Twitter https://twitter.com/BadalonaXarxa
Facebook https://www.facebook.com/BadalonaXarxa","Alimentación,Higiene,Acogida,Otros",xarxasolidariabdn@gmail.com,,,,,,
223,Ofrecimiento,published,"2020-03-20 16:38:50","2020-03-20 16:40:51","2020-03-20 16:36:39",,,,,,,,,,,,,,,,,,,,"Xarxa Solidària Gramenet (Santa Coloma de Gramenet)",41.451025,2.207948,"Apoyo Vecinal","Alimentación,Higiene,Atención/Cuidados,Ayuda Psicológica","https://t.me/XarxaSolidariaGramenet  -  https://t.me/joinchat/AQhrFUmZi84eD6jX2Ff4lQ  -  xarxasolidariagramenet@gmail.com",,,,,,
224,Ofrecimiento,published,"2020-03-20 16:40:12","2020-03-21 05:01:55","2020-03-20 16:36:08",,,,,,,,,,,,,,,,,,,,"Xarxa de Suport Vallvidrera",41.415067,2.107482,"Si vives en Vallvidrera y necesitas ayuda puedes entrar en este canal https://chat.whatsapp.com/EyIupietCZA1hqYLZUKUV1","Alimentación,Higiene,Salud",lacasabuenosaires@gmail.com,,,,,,
225,Ofrecimiento,published,"2020-03-20 16:40:39","2020-03-20 16:40:59","2020-03-20 16:39:22",,,,,,,,,,,,,,,,,,,,"Red de cuidados y apoyo mutuo La Casa (La Orotava)",28.389883,-16.523569,"Apoyo Vecinal","Alimentación,Higiene,Atención/Cuidados,Ayuda Psicológica",https://lite.framacalc.org/9fl2-red-de-cuidados-espacio-la-casa,,,,,,
226,Ofrecimiento,published,"2020-03-20 16:40:59","2020-03-20 18:34:50","2020-03-20 08:56:16",,,,,,,,,,,,,,,,,,,,"Grupo de Apoyo Mutuo Xarxa Barceloneta Solidària",41.378687,2.190818,"Acceso a través de https://twitter.com/aavvbarceloneta","Alimentación,Higiene,Acogida,Otros",pdcbarceloneta@gmail.com,,,,,,
227,Ofrecimiento,published,"2020-03-20 16:40:59","2020-03-20 18:37:03","2020-03-20 16:20:20",,,,,,,,,,,,,,,,,,,,"Información manufacturación de mascarillas caseras (personal no sanitario).",28.128874,-15.434945,"Todas las mascarillas caseras, artesanales, de tela, o cualquier otro tipo NO SANITARIO, irán dirigidas a personal prioritario no sanitario. Una vez confeccionadas 10 unidades o más, llamar para su recogida. Atienden demandas de asociaciones o colectivos de riesgo que las necesiten.","Higiene,Salud","http://mascarillascanarias.org (Ver teléfono en la web)",,,,,,
228,Ofrecimiento,published,"2020-03-20 16:42:32","2020-03-20 17:39:45","2020-03-20 16:40:12",,,,,,,,,,,,,,,,,,,,"Xarxa de Suport Mutu de la Cerdanya",42.392724,1.803467,"Xarxa de Suport Mutu de la Cerdanya","Alimentación,Higiene,Atención/Cuidados,Acompañamiento en la calle,Ayuda Psicológica,Otros",https://twitter.com/JovesCerdanya,,,,,,
229,Ofrecimiento,archived,"2020-03-20 16:44:29","2020-03-21 04:59:23","2020-03-20 16:43:31",,,,,,,,,,,,,,,,,,,,"Ayuda para Bolivia",-15,-68.333333,"Está incríble la plataforma quiero compartirla en Bolivia, recién comienza nuestra curva","Alimentación,Higiene,Atención/Cuidados,Acompañamiento en la calle,Acogida,Salud,Maker (Impresión 3D / Mascarillas),Ayuda Psicológica,Otros",rafavch@yahoo.com,,,,,,
230,Ofrecimiento,published,"2020-03-20 16:44:46","2020-03-20 17:39:38","2020-03-20 16:42:17",,,,,,,,,,,,,,,,,,,,"Suport Mutu en Vallcarca (Barcelona)",41.415526,2.142243,"Si vives en Vallcarca y necesitas ayuda ponte en contacto con este grupo (necesitas telegram) 
tg://resolve?domain=VallcarcaVKK","Alimentación,Higiene,Atención/Cuidados,Salud,Ayuda Psicológica,Otros",somvallcarca@gmail.com,,,,,,
231,Ofrecimiento,published,"2020-03-20 16:46:43","2020-03-20 17:46:49","2020-03-20 16:43:29",,,,,,,,,,,,,,,,,,,,"Grupo de respuesta y apoyo ciudadano de Montflorit",41.478361,2.132378,"Cerdanyola del Vallés\Montflorit
Grupo de respuesta y apoyo ciudadano de Montflorit
https://chat.whatsapp.com/IuFolPVAFrtGGNBZ2dr3Qd
​https://chat.whatsapp.com/DWKK3Zxfcwk8LU9oW1zfr7
https://twitter.com/CDRCerdanyola/","Alimentación,Higiene,Atención/Cuidados,Ayuda Psicológica,Otros",anto_moka@hotmail.com,,,,,,
232,Ofrecimiento,published,"2020-03-20 16:48:16","2020-03-20 17:46:44","2020-03-20 16:47:37",,,,,,,,,,,,,,,,,,,,"Grupo de apoyo vecinal Collado Villalba",40.643011,-3.992725,"Grupo de apoyo vecinal Collado Villalba","Alimentación,Higiene,Atención/Cuidados,Ayuda Psicológica,Otros","Whatsapp: 622 53 75 36",,,,,,
233,Ofrecimiento,published,"2020-03-20 16:49:26","2020-03-20 17:39:31","2020-03-20 16:48:34",,,,,,,,,,,,,,,,,,,,"Xarxa Conca d’Òdena de solidaritat",41.580126,1.639121,"Xarxa Conca d’Òdena de solidaritat
https://chat.whatsapp.com/FetNunJzbIm6dupUi3GSx6","Alimentación,Higiene,Atención/Cuidados,Ayuda Psicológica,Otros",xarxalaconca@gmail.com,,,,,,
234,Ofrecimiento,published,"2020-03-20 16:50:08","2020-03-20 17:39:24","2020-03-20 16:45:52",,,,,,,,,,,,,,,,,,,,"Grupo de Apoyo El Coto - La Arena  (Gijón)",43.539576,-5.652553,capas@protonmail.com,"Alimentación,Atención/Cuidados,Acompañamiento en la calle,Ayuda Psicológica","655 716 789",,,,,,
235,Ofrecimiento,published,"2020-03-20 16:50:35","2020-03-20 17:46:34","2020-03-20 16:49:47",,,,,,,,,,,,,,,,,,,,"Cuidem-nos Corbera",41.416617,1.933864,"Cuidem-nos Corbera
https://t.me/cuidemnoscorb
https://twitter.com/CuidemnosCorb/","Alimentación,Higiene,Atención/Cuidados,Ayuda Psicológica,Otros",https://twitter.com/CuidemnosCorb/,,,,,,
236,Ofrecimiento,published,"2020-03-20 16:50:43","2020-03-20 18:59:09","2020-03-20 09:00:00",,,,,,,,,,,,,,,,,,,,"Grupo de Apoyo Mutuo/Grup de Suport Mutu Besòs-Maresme",41.414322,2.215717,"Acceso a través de Twitter https://twitter.com/AvvMaresmeBCN
Whatsapp https://chat.whatsapp.com/CEYJgc7SsncIuRUzEp5nGP","Alimentación,Higiene,Acogida,Otros",avvmaresme@yahoo.com,,,,,,
237,Ofrecimiento,published,"2020-03-20 16:51:28","2020-03-21 04:58:52","2020-03-20 16:50:55",,,,,,,,,,,,,,,,,,,,"Red de apoyo mutuo Córdoba Capital",37.884581,-4.776014,"Red de apoyo mutuo Córdoba Capital
tel: 603 64 75 08
tel: 644 74 54 22","Alimentación,Higiene,Atención/Cuidados,Ayuda Psicológica,Otros","644 74 54 22",,,,,,
238,Ofrecimiento,published,"2020-03-20 16:52:14","2020-03-21 04:58:48","2020-03-20 16:50:42",,,,,,,,,,,,,,,,,,,,"Grupo de Apoyo La Calzada  (Gijón)",43.540302,-5.697568,capas@protonmail.com,"Alimentación,Atención/Cuidados,Salud","722 53 81 85",,,,,,
239,Ofrecimiento,published,"2020-03-20 16:52:49","2020-03-21 04:58:44","2020-03-20 16:51:48",,,,,,,,,,,,,,,,,,,,"Grup de suport veïnal de Cornellà de Llobregat",41.355724,2.070622,"Grup de suport veïnal de Cornellà de Llobregat
https://t.me/Covid19enKorneya","Alimentación,Higiene,Atención/Cuidados,Ayuda Psicológica,Otros",axelain@gmail.com,,,,,,
240,Ofrecimiento,published,"2020-03-20 16:54:10","2020-03-21 04:58:37","2020-03-20 16:52:18",,,,,,,,,,,,,,,,,,,,"#YoDisfrutoEnCasa: servicio de orientación de Asapme para afrontar la situación con los más pequeños",41.650408,-0.904891,"Orientacion y asesoramiento a madres, padres y cuidador@s sobre como afrontar la situación actual con los más pequeños de la casa (alternativas lúdicas, pautas de conducta y recomendaciones psicológicas)
Web: www.asapme.org
Organización: ASAPME (Asociación Aragonesa pro Salud mental)","Ayuda Psicológica",infantojuvenil@asapme.org,,,,,,
